number,tip_id,name,short_name,metagenome,taxonomy,Arsenotrophy,Water,Oxygen,env,gene_JGI_protein_NCBI,amino_acid_sequence,Gene ID,Genome ID,Ecosystem,Ecosystem Category,Ecosystem Subtype,Ecosystem Type,Specific Ecosystem,Isolation Country
1,tip1,Magnetospirillum_magnetotacticum_MS-1_GCA_000829825_1,Magnetospirillum magnetotacticum (USA),isolate,Alphaproteobacteria,0,freshwater,micro,sediment,https://www.ncbi.nlm.nih.gov/protein/WP_041039509.1,"MSTLDSTRREFLKATTVAGAAATAAVGVGATGLMSKPDEAHAAAAIDTKI
VKSTCHQCPARCGIDVRVEDGKVTGITGTLDHPISNGKLCPKGPLGVYML
YDPDRHTGPMKRTNPAKGRDVDPKFVPITWDEALDTLGKRLNTLREKGEA
HRFSITLGRGWGNSDDGQLGPFSAMYGSPNVGLGHSSLCSDASKKAKSAL
DGNYAYNSYDYRNANYLLFFGAAFLEAYRPLNNNLQTWGHIRTKAPKTKV
TVVDIRLTTTGAAADHLLMIKPGTDGALALAIAHVLLTEGLWDKKFVGDF
VDGKNLFKTGETLDPASFKDKWTKDLIAWWNAELKDRTPAWAAEITTIPE
KLILATAREFGTTKPAMAVFERGATTCTNATYNGLAIHSLNALVGAFYAK
GGLGNQMSVPFGKLPVKPEDFMDDIAKAAAAKKMPRIDRVKTAYLPMASN
QWQEVAKNHLAGNPYKMDTMVFWLTNPIFSGPECKVWEEALKDIFVVDTS
PFPSETSVFADLILPDHTYLERWNDCPTYPFQGWPMVNIRQPAVKPIHNT
MAFTDVLIELGKRINGPMSDYYKAIGNTENILRALAKGFETSPGDNGVNS
FESWVEKGVWYKKPYVYRQIDGEFYQWDGEDYRKPMTPEDVKAKLLKTDS
GKFEFKSSYLEHYADFIQQRVGVAADRVGFPQWVAPKYTGKGDLFFVTPK
TPMHAEGRSANIPNAVSIYQPNVGGRGQMYLEINPKTAQARGIKDGDRVK
ISSDIGSITAQARYFPGARPDTVVLPFGFGHWAHGRWAKSRNSGNVSEII
PNVSDPISGLTSNYGVLVTVEKA",WP_041039509.1,NA,NA,Aquatic,Sediment,Freshwater,NA,NA
2,tip2,Soil_Desert_California-USA-F-Ga0196970_10013038,"Desert soil (CA, USA)",metagenome,Unknown,0,NA,NA,soil,Ga0196970_10013038,">Ga0196970_10013038
MSIVDTSTSRRRFLQASSATGAIAASGALGTVGNLLTPADPAQAAPIESG
TVVTKSICHQCPARCGIDVYTTNGRVHAIYGNTDHPIANGKLCPKGPLGS
YILYDPDRFTGPMKRTNPKKGRNEDPKFVPISWDEALDTVAGRLNTLREK
GESHRFSLLFGRGWGASCAGLLGPFADLYGSPNVGIGHSSMCSDGSVVAK
QCTDGNASYSSYDYRNANYLLMFGANFLEAFRPYNNNLQVWGYIRGEKSP
RTRVTAVDVHVNQLIASADRGLLVKPGTDGALALAIAHVILTEGLWERSF
VGDFTDRKNRFKAGQTVDPATFQERWVKGLVEWWNVELKDRTPKWAAEVT
TLREADILATAREFGTTRPAIALFERGAHTHSNGLLNGMAIHTLNALVGS
LFAEGGLAYQMGPSYGPMPVKAADYMDDWAKGGAWKTMPRVDLKGHPDGY
LLAKNMIQEVAKNHLANKPYKLDTVMFYLTNPVFSAPNAPQWEEMLKEVF
VIETSPFPSETAWMADLVLPDHTYLERLQDAPTYPFQGFPMAQLRVPAVK
PVHNTKYFGDTLIEIGKRIKGPMGEYYKALNNSENVIRHLAKGFEKDPGD
NGVKDFESWKEKGVWYKKPYHWRQVRGEFFEWDGTGYNTPMSAEDVKAKL
MPTPSGKFEIRSGYLEAKADWVAGVSGRSKDKLMFPHWEPPKYSGEGDLH
LVTPKTALHAEGRSANLPHAIVLMQPTAGNRKHTVAEIHPSVAAKKGIKS
GDRIVIKSPVGSTVAVAKVTELTRPDTVVLPFEHGHWEHGRWAKDRGTHV
APVIANQSDRVTGMANFYTAKVTIEKA",3300020156 assembled Ga0196970_10013038,3300020156,Environmental,Terrestrial,Desert,Soil,Unclassified,USA
3,tip3,Azoarcus_Uranium_Contaminated_Sediment_Tennessee-USA-F-Ga0373890_000002_309024_311531,"Ur contaminated sediment (TN, USA)",metagenome,Betaproteobacteria,0,NA,NA,sediment,Ga0373890_000002_309024_311531,">Ga0373890_000002_309024_311531
MEESGKMEILKKLISRRRFLQVSGAGTAAGAAVVGSGGIGVGSLATLQEA
QAATGDGSTVINKSICAQCPARCGIDVYTTNGKVHAIYGSAGHPIANGKG
CPKMHLGTYILYDPDRFKGPMKRTNPKKGRNEDPQFVPISWDEAYQTVAD
RMNTLRDKAESHRFGLFFGRGWGATDVGVTLAPMAKLYGSPNIGIGHSSM
CSDGSVLAKQMTDGNASYNSYDYRNANYLLIFGANFLESFRPYNNNLQVW
GYIRGEKTPKTRVTAVDVHMNQTLAASDRALIVKPGTDGALALAIAHVIL
TEGLWDRNFVGNFADGQNHFKTGEAVDAPFNEKWTLGLTEWWNVELKDRT
PKWAEGVTTIPADLIVKTAHEFATTKPAIALFERGAHNHSNGVLNGMAIH
SLNALVGSLFAEGGLAYQMGPAYGPAPANPDDHLDDYAKNGPHKAMPRID
LKGHEDGYLFAKNMLQEVPKNHLASKPYKMDTVMFYMTNPIFSSPDAVAW
EKMLAEVFVIETSPFPSETAVMADLILPDSTYLERWQDAPTYPFQGWPLA
QIRTPAIKPLYDTKTFGNSLIEIGKRLKGPASEYYAKLDNVENILRHLAK
GFEANPGDNGVNSFESWVEKGVWYKKPYHWRQVRGEFFEWDGQGWNTPMN
AEDVKKKLLKTDSGKFEFKSSYLDHKRDWVLAKTGRDPAKFNFPHWEEPK
YTGSGDLHFISPKNALHAEGRSANIPNAISLMQPAAGGRRQVCAEVHPSV
AKAKGFKDGDRIRIKSTLGEVTAIARVTELTRPDVIVLPFEHGHWAHGRW
AKDRGAHVDSIIDNQSDRISGMANYYTGKVSVEKA",3300034053 assembled Ga0373890_000002_309024_311531,3300034053,Environmental,Aquatic,Lake,Freshwater,Sediment,USA
4,tip4,Azoarcus_sp_CIB-AKU11052_1,Azoarcus sp. CIB (Switzerland),isolate,Betaproteobacteria,1,freshwater,anaerobic,aquatic,https://www.ncbi.nlm.nih.gov/protein/AKU11052.1,"MEMLKKLISRRRFLQVSGAGTAAGAAVAGSGGFGIAQLSTLKEAQAATVDSNTVVTKSICAQCPARCGIDVYTTNGKVHA
IYGNAGHPIANGKGCPKMHLGTYILYDPDRFKGPMKRTNPKKGRNEDPQFVPITWDEAWQTVADRMNALRDKSESHRFGL
FFGRGWGATDVGVTLVPMAKLYGSPNIGIGHSSMCSDGSVLAKQCTDGNASYSSYDYRNANYLLIFGANFLESFRPYNNN
LQVWGYIRGEKAPKTRVTAVDVHMNQTLSASDRALIIKPGTDGALALAIAHVILTEGLWDRNFVGNFADGQNHFKAGEPV
DAAFNEKWTLGLTEWWNVELKDRTPKWAEGVTTIPADLIVKTAREFATTRPAIALFERGAHNHSNGVLNGMAIHSLNALV
GSLFAEGGLAYQMGPAYGPAPANPDDHLDDYAKNGPHKDMPRIDLKGHEDGYMFAKNMLQEVPKNHLAGKPYKMDTVMFY
MTNPVFSSPDATAWEKMLAEVFVIDTSPFPGETAMMADLILPDSTYLERWQDAPTYPFQGWPLAQIRTPAIKPLYDTQTF
GNTLIEIGKRLKGPASEYYAKLENVENILRHLAKGFEATPGDNGVNSFESWVEKGVWYKKPYHWRQVRGDFFEWDGQGWN
KPMSADDVKKNLLKTDSGKFEFKSSYLDHKRDWVIAKTGRDPAKFNFPHWEEPKYTGSGDLHFVTPKNALHAEGRSANIP
NAISLMQPTAGGRRQVYAEVHPSVAKAKGFRDGDRIRIKSTLGEIVAVARVTELTRPDTIVLPFEHGHWAHGRWAKGRGS
HVDSIIDNQSDRISGMANYYTGKVSVEKA",AKU11052.1,NA,NA,Aquatic,Groundwater,Freshwater,Laboratory column,Switzerland
5,tip5,Aromatoleum_tolulyticum_ATCC_51758_GCA_900156155_1,Aromatoleum tolulyticum (USA),isolate,Betaproteobacteria,0,freshwater,anaerobic,sediment,https://www.ncbi.nlm.nih.gov/protein/WP_076602992.1,"MEILKKLISRRRFLQVSGAGTAAGAAVAGSGGFGIGQLSTLKEAQAATVD
SNTVVNKSICAQCPARCGIDVYTTNGKVHAIYGNAGHPIANGKGCPKMHL
GTYILYDPDRFKGPMKRTNPKKGRDEDPKFMPISWDEALETVADRMNALR
DKGESHRFGLFFGRGWGATDVGVTLAPMAKLYGSPNIGIGHSSMCSDGSV
LAKQMTDGNASYSSYDYRNANYLLIFGANFLESFRPYNNNLQVWGYIRGE
KAPKTHVTAVDVHMNQTLSASDRALIIKPGTDGALALAIAHVILTEGLWD
RNFVGNFADGQNHFKAGEPVDAPFDEKWTLGLAEWWNVELKDRTPKWAEG
VTTIPADLILKTAREFATTRPAIALFERGAHNHSNGVLNGMAIHSLNALV
GSLFAEGGLAYQMGPAYGPAPANPDDHLDDYAKNGPHKAMPRIDLKGHED
GYMFAKNMLQEVPKNHLAGKPYKMDTVMFYMTNPIFSSPDATAWEKMLAE
VFVIDTSPFPGETAMMADLILPDSTYLERWQDAPTYPFQGWPLAQIRTPA
IKPLYDTQTFGNTLIEIGKRLKGPASEYYAKLENVENILRHLAKGFEATP
GDNGVNSFESWVEKGVWYKKPYHWRQVRGEFFEWDGQGWNKPMSAEDVKK
KLLKTDSGKFEFKSSYLDSKRDWVLAKTGRDPAKFNFPHWEEPKYTGTGD
LHFVTPKNALHAEGRSANIPNAIALMQPAAGGRRQVYAEVHPSVAKAKGF
KDGDRIRIKSTLGEVIAIARVTELTRPDTIVLPFEHGHWAHGRWAKERGT
HVDSIIDNQSDRISGMANYYTGKVSVEKA",WP_076602992.1,NA,NA,Aquatic,Sediment,Freshwater,NA,NA
6,tip6,Gallionellales_bacterium_RIFCSPLOWO2_12_FULL_59_22_GCA_001801255_1,"Groundwater metagenome (CO, USA)",metagenome,Betaproteobacteria,0,freshwater,anaerobic,aquatic,https://www.ncbi.nlm.nih.gov/protein/OGS99566.1,"MNILNTLITRRRFLQAAGATSAGAVALGSGKIGGFATLSEAQAAAPEASG
GATVTKSICGQCPARCGIDIYNTNGRVHAIYGNNDHPIANGKGCPKMHLG
TYMLYDPDRFKGPMKRTNPNKGRNEDPKFVPISWDEAYKTVADRLNNLRD
KGESHKFGLFFGRGWGATDVGLTIVPFGELYGSPNAPIGHSSICSDGSVL
AKQCTDGNASYSSYDYRHSNYLLIFGANFLEAFRPYNNNLQVWGYIRGVK
TPKTRVTYVDVHMNQTAAAADRALLVKPGTDGALALAIAHVILTEGLWEK
SFVGDFKDGANLFKTGQTLDPASFNEKWVKGLIEWWNAELKDRTPKWAAG
VTTIAEDLITQTAREFGSTRPAIALFERGAHVHSNGVLNGMAIHSLNALV
GSLFAEGGLGYQMGPSYGPSPANAADYMDDYAKNGPHKKMPRIDLKGHED
GYLMAKNMIQEVGKNHLSGKAGYKLDTALFYMTNPVFSTPNAKNEWEEAV
KTMFVIDTSPFPSEVAMMADIILPDNTYIERYQDAPTYPFQGFPLAQLRV
PAIKPLYDTRTFGDSLIAIGSLIKGPTSEYFKKLESAENIVRHLAKGFEK
DPGDNGVKDFETWKAKGCWFKKPYVYRQVRGEFLKWDGKGYNNPMSAEDV
KKDLLMTDSGKFEFVSSYMEHKKDWVLAKTGRDPVKYNMPHWEEPKYTGG
GDVHFISPKTAMHAEGRGGNIPHAITLLQPAAGGNKGALAEIHPSLASAK
GIKDGGRIKIKSAVGEIIATARVTELTRPDTIVLPFEHGHWAWGRWAKAL
GGSHVDEIVPQQSDRISGMCNYYTGKVTVERA",OGS99566.1,NA,NA,Aquatic,Groundwater,Freshwater,NA,NA
7,tip7,Betaproteobacteria_Groundwater_Rifle_Colorado-F-Ga0209343_1000006949,"Groundwater metagenome (CO, USA)",metagenome,Betaproteobacteria,0,freshwater,anaerobic,aquatic,Ga0209343_1000006949,">Ga0209343_1000006949
MNILNTLITRRRFLQAAGATSAGAVALGSGKIGGFATLSEAQAAAPEASG
GATVTKSICGQCPARCGIDIYNTNGRVHAIYGNNDHPIANGKGCPKMHLG
TYMLYDPDRFKGPMKRTNPNKGRNEDPKFVPISWDEAYKTVADRLNNLRD
KGESHKFGLFFGRGWGATDVGLTIVPFGELYGSPNAPIGHSSICSDGSVL
AKQCTDGNASYSSYDYRHSNYLLIFGANFLEAFRPYNNNLQVWGYIRGVK
TPKTRVTYVDVHMNQTAAAADRALLVKPGTDGALALAIAHVILTEGLWEK
SFVGDFKDGANLFKTGQTLDPASFNEKWVKGLIEWWNAELKDRTPKWAAG
VTTIAEDLITQTAREFGSTRPAIALFERGAHVHSNGVLNGMAIHSLNALV
GSLFAEGGLGYQMGPSYGPSPANAADYMDDYAKNGPHKKMPRIDLKGHED
GYLMAKNMIQEVGKNHLSGKAGYKLDTALFYMTNPVFSTPNAKNEWEEAV
KTMFVIDTSPFPSEVAMMADIILPDNTYIERYQDAPTYPFQGFPLAQLRV
PAIKPLYDTRTFGDSLIAIGSLIKGPTSEYFKKLESAENIVRHLAKGFEK
DPGDNGVKDFETWKAKGCWFKKPYVYRQVRGEFLKWDGKGYNNPMSAEDV
KKDLLMTDSGKFEFVSSYMEHKKDWVLAKTGRDPVKYNMPHWEEPKYTGG
GDVHFISPKTAMHAEGRGGNIPHAITLLQPAAGGNKGALAEIHPSLASAK
GIKDGGRIKIKSAVGEIIATARVTELTRPDTIVLPFEHGHWAWGRWAKAL
GGSHVDEIVPQQSDRISGMCNYYTGKVTVERA",3300025311 assembled Ga0209343_1000006949,3300025311,Environmental,Aquatic,Groundwater,Deep subsurface,Unclassified,USA
8,tip8,Betaproteobacteria_Gold_Mine_Fracture_Fluid_South_Africa-F-Ga0246235_10027221,Gold Mine Frac Fluid (South Africa),metagenome,Betaproteobacteria,0,NA,NA,aquatic,Ga0246235_10027221,">Ga0246235_10027221
MEILKTKLTRRRFLQASGAAGATGAVVGAGQVAGLKTLSQAHAQESGGQT
VVNKSICGQCPARCGIDIYTTNGRVHAIYGSNDHPIANGKLCPKGHLGTY
ILYDPDRFKGPMKRTNPNKGRNEDPKFVPISWDEAFKTVADRLNVLRDKG
ESHRFGLFFGRGWGATDVGVNIVPFSSLYGSQNVGIGHSSICSDGSVLAK
QCTDGNASYSSYDYRHANHLLIFGANFLEAFRPYNNNMQVWGYIRREKSP
PTSVTCVDVHMNATAAASDQAILIKPGTDGALALAIAHVILTEGLWERSF
VGDFKDGENRFKSGETVDAALFDEKWTHGLIQWWNTELKDRTPKWAEGVT
TIPVSEILKAARRFGTTRPSIALFERGAHTHSNGVLNGMAIHSLNALVGS
LFAEGGLAYQMGPAYGPAPADPNDFMDDYAKNGPWKKHPRIDMKGHKDGY
LMAKNMIQEVGTNQLTGKAGYKLDTAMFYMTNPCFSTPNARDWEEALKTM
FVIDTSPFPGETAMMADLILPDTTYIERWQDAPTYPFQGYPLAQIRTPAI
KPLYDVKTFGDVLIEIGKRINGPTGEYYKKLESVENILRHLAKGFEANPG
DNGVKDFETWKAKGVWFKKPYHWRQVRGEFFEWDGKDYKKKMTPDEVKAK
LLKTDSGKFEFVSSYMDHKKDWILAATGRDPAKYNMPHWEEPKHTGGGDL
HFVTPKTAMHAEGRSANLPHAAVQYQPAVGGGRHGTVAEVHPSVAKPKGI
KNGDRIKIKSSVGEIFAIAKVTELTRPDTVVLPFGFGHWAHGRWAKDRGS
HVDSITAQQSDRISGMANFYTGKVSVEKA",3300029892 assembled Ga0246235_10027221,3300029892,Environmental,Terrestrial,Fracking water,Deep subsurface,Unclassified,South Africa
9,tip9,Freshwater_Fracking_Fluid_Pennsylvania-USA-F-Ga0209066_1000028557,"Frac Fluid (PN, USA)",metagenome,Unknown,0,NA,NA,aquatic,Ga0209066_1000028557,">Ga0209066_1000028557
MEILKSKLTRRRFLQASGAAGATGAVVGAGQVTGLKTLSEANAAADAGGG
QTVVNKSICGQCPARCGIDIYTTNGRVHAIYGNNDHPIANGKLCPKGHLG
TYILYDPDRFKGPMKRTNPQKGRDQDPKFVPISWDEAFKTVADRLNNLRD
KGESHRFGLFFGRGWGASDVGVTLVPFSSLYGSQNVGIGHSSICSDGSVL
AKQCTDGNASYSSYDYRHANHLLIFGANFLEAFRPYNNNMQAWGYMRREK
SPPTSVTYVDVHMNATAAASDQAILLKPGTDGALALAIAHIILTEGLWER
SFVGDFKDGENRFKTGETVDPASFTEKWTHGLIQWWNTELKDRTPKWAEG
ITTVAESEILRAARRFGTTRPSIALFERGAHTHSNGVLNGMAIHSLNALV
GSLFAEGGLAYQMGPSYGPAPADPKDYMDDYAKNGPHKKLPRIDLKGHED
GYLMAKNMIQEVGANHLSGKAGYKLDTAMFYMTNPPFSTPDPQHGWEEAM
KSMFVIATSPFPDETSMMADLILPDTTYLERWQDAPTYPFQGWPLAQIRT
PAIKPLYDVKTFGDVVIEIGKRIKGPTGEYYKKTESVENILRHMAKGFET
DPGDNGVKDFETWKAKGCWYKKPYHWRQVRGEFFEWDGKGWNRPMKADEV
KAKLLKTDSGKFEFVSSYMEHKKDWILKATGRDPAKYNMPHWEAPKYTGA
GDLHFVTPKTAMHAEGRSANLPHAIAQFQPAVGGNKQALCEVHPSVARAK
GFKNGDRIRIKSDIGEIFAIAKVTELTRPDTVVLPFEHGHWAGGRWSKGR
GSHVDSILPQQSDRISGMCNYYTGKVSVEKA",3300027851 assembled Ga0209066_1000028557,3300027851,Environmental,Aquatic,Groundwater,Deep subsurface,Drilled well/Borehole,USA
10,tip10,Betaproteobacteria_Freshwater_Lake-Wisconsin-USA-Y-Ga0335036_0004538_4041_6536,"Freshwater Lake (WI, USA)",metagenome,Betaproteobacteria,0,freshwater,aerobic,aquatic,Ga0335036_0004538_4041_6536,">Ga0335036_0004538_4041_6536
MWMNILKSKVSRRRFLQATGTAGAAGAVGLGGSQLDGFSTLSKAHAQAGA
GATVVNKSICGQCPARCGIDIYTTNGKVHAIYGSNDHPIANGHLCPKGHL
GTYILYDPDRFKGPMKRTNPQKGRDQDPKFVPISWDEALATVAGRLNTLR
EKNESHRFAIFYGRGWGASCAGLQGTFGKLYGSPNVAIGHASICATGSQH
AKGATDGNNSYNSYDYRNANYLLMFGANFLESFRPYNNNLQVWGYIRGEK
TPKTRVTAVDIHMNQTLAAADRGLIIKPGTDGALALAIAHVILTEGLWEK
NFVGNFKDGVNQFKTGAKVDDKAFVEKWTKGLVEWWNLELKDRTPKWAEG
VTTIAADQIIKTAREFATTKPAIALFERGAHTHSNGVLNGMAIHSLNALV
GSLFAEGGLGYQQGPSYGKMPVNADDFMDGYAKSPDRKKPRIDLAGHEDG
YAMAGTVIQEAGQNHNAKKPYALDTAMFYLTNPVMSCPDTKSWEEALKTM
YVIDTSPFLGETAWMADLILPDHTYLERLQDAPSYPFQGYPLAQIRTPAV
KPVHDTKYYGDVLIEIGKRIKGSTGEYYKQLGNTENVLRALAKGFESDPG
DNGVKDFESWKAKGVWFKKPYAYRQVRGEFFKWDKAAQSYSVPMKPEDVK
ADLLKTESGKFEFTSSKLLGKKDWILAKTQGRSAEKMHIPHWEEPKYTGG
GDLHFITPKVAMHAEGRGSNLPHAIALNQPTVGGKRENFCEVHPKVAEAK
GIKDGDRIKIKSSNGEIFAYARVTELTRPDTIVLPFGQGRWAMGRWAKGR
GASTDSVIVQQSDRISGMATFYSAKASIEKA",3300034106 assembled Ga0335036_0004538_4041_6536,3300034106,Environmental,Aquatic,Lake,Freshwater,Unclassified,USA
11,tip11,Sediment_SF_Bay_California-USA-Y-Ga0224495_100027176,"Sediment SF Bay (CA, USA)",metagenome,Unknown,0,saline,NA,sediment,Ga0224495_100027176,">Ga0224495_100027176
MDILKTQITRRRFLQASGAAGAAGTGLSTLKLGSIPEAKAQGTAGGGAYT
ITKNICHQCPARCGIDVYTMDGKVHALYGNTDHPIANGKLCPKGPIGTYI
LYDPDRFKQPMKRTNPKKGRDEDPKFVPISWNEALDTVATRLNALRDKGE
SHRFMLAYGRGWGASCAGLLGAFGELYGSPNVPIGHSSMCSDGSVLSKQA
VDGNASYNSYDYRNSNYLLIFGAAFLEAFRPYNNNIQVWGHIRGEKSPKT
RVTMVDVRMSQTAAAADRALLLRPGTDGALALAIAHVILTEGLWDRAFVG
DFRDGRNRFKTGQSVEVSVFSEKWVKGLIEWWNIELKDRTPRWAAGVTTL
AEHDIVEVAREFGTTRPAIALFERGAHTHSNGVPTGMAIHTLNALVGSLF
AKGGLAYQMGPSYGPMPVKADDYKDGYAKEGPWKKFPRVDLKGHDDGYPL
AKNMLQEIARNHLAGKPYKLDTAMFYLTNPIFSGLNVREWEEALKEIFVI
DTSPFPGETAWMADLVLPDHTYLERLQDAPTYPFQGFPIAQLRVPAVKPL
YDTKYFGDTLIEIGKRMKGPMGEYYKAIGNSENVIRHIAKGFEKDPGDNG
VNSFETWKEKGVWYKKPYMWQQRSGEFYEWDGGGYNRKMAPTEVKEKLLK
TESGRFEIRSGYLEKKADWIAAKTGRAKDKLAFPHWEEPKYTGGGDLHLI
TPKMAIHAEGRSANLPVAISLYQPGTGGRTQTLAEIHPSVAKAKGIRDGD
RIKLKSSAGEIPAIARITELTRPDVVVLPFGHGHWAHGRWAKGRGSHVDA
IIAQQSDRISGMANYYSARVSVEKA",3300022208 assembled Ga0224495_100027176,3300022208,Environmental,Aquatic,Sediment,Marine,Unclassified,USA
12,tip12,Betaproteobacteria_Sediment_Floodplain_Colorado-USA-F-Ga0364940_0000005_7706_10222,"Sediment Floodplain (CO, USA)",metagenome,Betaproteobacteria,0,freshwater,NA,aquatic,Ga0364940_0000005_7706_10222,">Ga0364940_0000005_7706_10222
MKRNETQEEVEMGIMDSIFKTPVSRRRFLQATAAAGAAGAAAGGVSTLRE
VQAQAKPAGTTTITKSICHQCPARCGIDVYTTDGRVHAIYGSSDHPISNG
KLCPKGPLGAYILYDPDRFKGPMKRTNPKKGRNEDPKFVPISWDEALKAV
ADRLNGLREKGESHRFSLCFGRGWGASCAGLLGTFGGLYGSPNVPIGHSS
MCSDGSVLSKQCTDGNASYSSYDYRNANYLLMFGVGFLEAFRPYNNNMQV
WGYIRGDKSPKTRITAVDVHINTTLAGSDRALLIKPGTDGALALAIAHVI
LTEGLWDRAFVGDFKDGVNRFKSGATVDPGTFNEKWVKGLVEWWNLELKD
RTPKWASEVTTILQREIVDTAREFGTTRPAIALFERGAHAHSNGIYNGMA
IHSLNALVGSLFAKGGLAYQMGPSYGPMPVKDSDFQDDYAKNGPWKKFPR
VDLKGHAEGYLLAKNMLQEVGPNSLKGKPYKLDTVMFYLTNPIWTAPNCT
EWEKALAELFVIETSPFPSETAMFADIVLPDHTFLERLQDAPTYPFQGFP
MAQLRVPAVKPLYDTKYFGDTIIEIGKRMKGPMGEYYKALGSSENVIRHL
AKGFEANPGDNGVKDFESWKAKGVWYRKPYFWQQRNGEFYEWDGKAYAKP
MKPEDVKAKLMATPSGKFEFRSGYLEKNADWIAAKTGRDKAKLMFPHWEE
PKHPGGGELYMVTPKVAMHAEGRSANLPSAISLLQPALGGSDQVYVEINP
RTAKAKGIGDGDRIRIKSSVGTVEGRCKYYEGVRPDTLVFPMEHGHWAHG
RWAKGRSPGHSGEVTVNQSDRITGQCNYYTTKVTVEKA",3300034164 assembled Ga0364940_0000005_7706_10222,3300034164,Environmental,Aquatic,Sediment,Floodplain,Unclassified,USA
13,tip13,Betaproteobacteria_Weathered_Mine_Tailings_Minnesota-USA-F-Ga0168316_10007655,"Weathered Mine Tailings (MN, USA)",metagenome,Betaproteobacteria,0,NA,NA,soil,Ga0168316_10007655,">Ga0168316_10007655
MQTEETEMGIMDSIFQAPVSRRRFLQATAAAGAVGAAVGGGMGVSTLRDA
QAQTKPAGDTKITKNICHQCPARCGIDVYTTDGRVHAIYGTSDHPISNGK
LCPKGPLGAYILYDPDRFKGPMRRTNPKKGRNEDPKFVPISWDEALGMVA
SRLNALREKGESHRFALCFGRGWGASCAGLLGTFGKLYGSPNVPIGHSSM
CSDGSILSKQCTDGNASYNAYDYRNANYLLMFGVGFLEAFRPYNNNMQVW
GYIRGDKSPKTRITAVDVHINTTLAGSDRALLIKPGTDGALALAIAHVIL
TEGLWDRAFVGDFKDGVNRFKSGETVDPATFSEKWVKGLVEWWNIELKDR
TPKWAAEVTTILQREIVDTAREFGTTRPAIALFERGAHAHSNGIYNGMAI
HSLNALVGSLYAKGGLMYQMGPSYGPMPVKEEDFLDDYAKSGPWKKLPRI
DMKGHEDGYLLAKNMLQEVGPNHLNGKPYKLDTVMFYLTNPIWTAPNGQA
WEEALKDVFVIETSPFPSETAMFADVVLPDHTFLERLQDAPTYPFQGFPM
AQLRVPAVKPLYDTKYFGDTLIEIGKRIKGPTGEYYKALGNSENVVRHLA
KGFEQNPGDNGVKDFESWKEKGVWYRKPYLWQQRNGEFFEWDGKDYAKPM
KPDEVKAKLLPTPSGRFEFRSGYLEKNADWIAAKTGRDKAKLMFPHWEEP
KHPGGGDLYMVTPKVALHAEGRGGNLPIAIAQLQPTLGGRDQVYIEINPR
TAKAKGIADGDRIRLKSAVGTVEGRCKYYEGVRPDTLVFPMEHGHWAHGR
WAKGRAPGHSGEVTVNQSDRITGQCLYYTTKVTVEKA*",3300012981 assembled Ga0168316_10007655,3300012981,Environmental,Terrestrial,Mine,Geologic,Unclassified,USA
14,tip14,Groundwater_Big_Spring_Nevada-USA-F-Ga0114939_100045393,"Big Spring (NV, USA)",metagenome,Unknown,0,freshwater,NA,aquatic,Ga0114939_100045393,">Ga0114939_100045393
MGITDSIFKPRLSRRRFLQATAATGAAGAVGGGLQTLQPAQAQAPAAGGG
TKITKSICHQCPARCGIDVYTTDGRVHAIYGTSDHPISNGKLCPKGPLGA
YTLYDPDRFKSPMKRTNPKKGRSEDPKFVPISWDEALGMVADRLNGLRDK
GESHRFALCFGRGWGASCAGLLGTFGGLYGSPNVPIGHSSMCSDGSILSK
QCTDGNASYSAYDYRNANYLLIFGASFLEAFRPYNNNMQVWGYIRGEKSP
KTRVTAVDVHMNTTLAASDRALLVKPGTDGALALAIAHVILTEGLWEKSF
VGDFKDGVNLFKSGKTVDPASFNEKWVKGLVDWWNLEVKDRTPVWAAGVT
TLYERDIVATAREFGTTRPAIALFERGAHAHSNGIMNGMAIHTLNALVGS
MYAKGGLMYQMGPAYGPLPVSDGDYKDEYAKNGPWKKFPRVDLQGHEDGY
LMAKNMLQEVGPNSLAGKPYKLDTVMFYLTNPIWTAPNGQQWEQAMAELF
VIATDPFPSETAMFADVVLPDHTYLERLQDAPTYPFQGYPIAQLRTPAVK
PLYDTKYFGDTLIEIGKRIKGRTGEYYKALGNSENVIRALAAGFAANPGD
NGVKDFESWKEKGVWYRKPYLWQQRNGEFFEWDGKGYNKPMTSTEVKEKL
LKTESGRFEIRSSYLEHKADWIAAKTGRDKGKLMFPVWEEPKHPGGGDLY
MSTPKVAMHAEGRSANMPTAISLMQPTVGGRDRVWIEIHPDTAAKRGIAD
GDRVKIKSTVGTIEGYCRVFEGTRPDTIVVPMEHGHWAMGRWAKARAPGH
TGEVTVNQSDRVTGQCNYYTTKVSVEKA*",3300009455 assembled Ga0114939_100045393,3300009455,Environmental,Aquatic,Groundwater,Deep subsurface,Unclassified,USA
15,tip15,Betaproteobacteria_Hot_Spring_Microbial_Mat-USA-Y-Ga0308411_1000069415,Hot Spring Microbial Mat (USA),metagenome,Betaproteobacteria,0,freshwater,anaerobic,microbial mat,Ga0308411_1000069415,">Ga0308411_1000069415
MLDLVRERISRRRFLQATGAAGAAGAAGLGLPELRTLAEARAQPKPAGAS
PTTITKSICHQCPARCGIDVYTTDGRVHAIWGTSDHPISNGKLCPKGPLG
AYTLYDPDRFKGPMRRTNPKKGRNEDPKFVPISWDEALDLVAARLNGLRE
KGESHRFALCYGRGWGASCAGLQGTFGKLYGSPNVAIGHSSMCSDGSIIA
KRATDGNGSYNAYDYRNANYLLMFGASFLEAFRPYNNNMQVWGYIRGDKS
PKTRITAIDVHMNTTLAASDRGLLIKPGTDGALALGIAHYILVEGLWDRA
FVGDFADGVNRFKAGQNVDPASFNERWVKGLVEWWNIELKDRTPTWAAGV
TTINEREILATAREFGTTRPAIALFERGAHAHSNGVYNAMAIHTLNALVG
SLFARGGLMYQMGPPYGPMPIKEDDYLDDYAKNGPWKKFPRIDLKGHEDG
YLLANNMLQEVGPNSLAGKPYKLDTIMFYLTNPVWTAPNGQVWEQALAEL
FVIETSPFPSETAMFADVVLPDHTFLERLQDAPTYPFQGFPMTQLRVPAV
KPLYDTKYYGDTLIEIGKRIKGPMGEYYKALKDSENVIRHLAKGFEQNPG
DNGVKDFESWKEKGVWYRKPYLWQQRSGEFYEWDGKAYAKPMTDDEVKTK
LLKTPSGKFEIRSGWLEKNADWIAAKTGRDKAKLAFPIWEEPKHPGGGEF
YLATPKVAMHAEGRSANMPVAISLMQPTMGGNATVYLEINPRTARAKGIR
DGDRVRIKSAVGTIEAYCRYYEGVRPDTLVLPMEHGHWAHGRWAKARLPG
HSGECTVNQSDRVTGQCLYYSTKVNIERV",3300031812 assembled Ga0308411_1000069415,3300031812,Environmental,Aquatic,Hot (42-90C),Thermal springs,Microbial mats,USA
16,tip16,Gammaproteobacteria_Sediment_wetlands_California-USA-Y-Ga0392394_0000021_10917_13400,"Sediment wetlands (CA, USA)",metagenome,Gammaproteobacteria,0,freshwater,NA,aquatic,Ga0392394_0000021_10917_13400,">Ga0392394_0000021_10917_13400
MEILKTLLSRRRFLKATGTASALGAAGIGSGLLPTLREAEAVPASGPSEP
RITKNICHQCPARCGIDVYTTNGRVHAIYGTSDHPISNGKLCPKGPLGTY
ILYDPDRYKGPMKRTNPKKGRDQEPGFVPISWEEALDTVAERLNNLRDKG
ESHRFALVYGRGWGASCAGLQGTFGKLYGSPNVAIGHSSMCSDGSIKSKQ
ATDGNGSYNAYDYAHSNMLLMFGVGYLEAFRPYNNNMQVWGYIRGVKVPK
TRITAIDVHMNTTLAGADRALLIKPGTDGALALAIAHVILTEGLWERSFV
GDFYDGKNRFKAGQTVDPDDFEEKWVKGLAEWWNIELKDRTPAWAAEITS
LNERDILATAREFGTTRPAIALFERGVHAHSNGILNGMAVHSLNALVGSM
FAKGGLMYQMGPSYGDLPVNADDYQDDYAKNGPWKDQPRIDLKGHEDGYL
LANNMLQELGPNSLAGKPYKLDTVMFYLSNPIWTAPNGQVWEEAMAELFV
IDTSPFPGETAMFADLILPDHTYLERLQDAPTYPFQGWPMAQLRVPAIKP
LYDTKYYGDVLIEIGKRIKGPMGEYYKALGDTENVLRHLAKGFEKDPGDN
GVNSFESWKEKGVWYKKPYHWQQRDGEFYEWDGEDYNRLMSEDEVKEKLF
KTESGKFEVRSSWLESKADWIAAKTGRDRSKLMFPHWEEPKHPGGGDLYL
VTPKVALHAEGRGANTPVAIANLQPTLGGRDQVYIEINPVTAKTRGIGNG
DRVRITSEVGSIEGHAKYFEGVRPDTLVFPMEHGHWAWGRWAKGRMPGHC
GEVTVNQSDRVTGQCSYYTTKVRIERA",3300037461 assembled Ga0392394_0000021_10917_13400,3300037461,Environmental,Aquatic,Wetlands,Freshwater,Sediment,USA
17,tip17,MAG_Allochromatium_warmingii_ArxA,"MAG4: Allochromatium warmingii (CA, USA)",metagenome,Gammaproteobacteria,2,freshwater,anaerobic,sediment,THIS STUDY,MDNQHQGVTRRRFLQAGGAAGALGAVGLGGGALTSLQPAAAEAAPNAPLETKITKNICHQCPARCGIDVYTTNGRVHAIHGSSEHPIANGKLCPKGPLGSYILYDPDRFKGPMKRTNPKKGRDQDPGFVPISWDEALDTVAERLNALRDKGESHRFALCYGRGWGASCAGLQGTFGELYGSPNVAIGHSSMCSDGSILSKRALDGIGSYNAYDYRNANMLLMFGVGFLEAFRPYNNNMQVWGYIRGVKVPKTRITAVDIHMNTTLAGSDRALLIKPGTDGALALAIAHVILTEGLWERSFVGDFKDGVNRFKAGERVDPALFEEKWVKGLVEWWNIELKDRTPLWAAEVTNLYARDILATAREFGSTRPSIALFERGAHAHSNGVLNGMAIHALNALVGSFYAKGGLMYQMGPSYGPMPVDAKDFMDDYAQNGPWKSQPRIDLKGHEDGYLLAKNMLQEVGPNSLAGKPYKLDTVMFYLTNPIWTAPNGQVWEEALKEVFVIETSPFPSETAMFADLILPDHTYLERLQDAPTYPFQGWPMTQLRVPAIEPLYDTKYYGDTLIEIGKRIKGPMGDYYKALDNTENVIRHLAKGFEADPGDNGVNDFESWKEKGVWYKKPYIYRFVDGEFRKWDGQDYAIVMSEDEVKADLFKTDSGKFEIRSGWLESNADWIMAKTGRDRRKLMFPHWEEPKHPGGGDLYMVTPKVALHAEGRGANLPVAIANMQPVLGGRKTVYIEINPQTARERGIANGARVRLTSDLGSIEGYCKYYEGCRPDTLVFPMEHGHWAHGRWAKDRLPGHCGEITVNQSDRVTGQCSYYTTKVSIEAV,NA,NA,NA,Aquatic,Sediment,Freshwater,NA,NA
18,tip18,Gammaproteobacteria_Wastewater_Activated_Slugde_Taiwan-F-Ga0131092_100168894,Wastewater Activated Slugde (Taiwan),metagenome,Gammaproteobacteria,0,wastewater,aerobic,aquatic,Ga0131092_100168894,">Ga0131092_100168894
MEILKSGLTRRRFLQATGAAGALGATGLGAGALGTLREAQAQPGPITPDT
KITKSICHQCPARCGIDVYTTNGRVHAIYGSSEHPIANGKLCPKGPLGTY
ILYDPDRFKGPMKRTNPKKGRTEDPKFVPISWEEALDTVAARLNDLRDRG
ESHRFSLVFGRGWGASCAGLQDTFGKLYGSPNVPIGHSSMCSDGSILSKK
ALDGIGSYNSYDYANANMLLMFGAGFLEAFRPYNNNMQVWGYIRGVKVPK
TRITAVDIHINTTLAGADRALLIKPGTDGALALAIAHYILTEGLWDRAFV
GDFTDGVNRFKTGEIVDAALFQEKWVKGLLDWWNLELKNRTPAWAAKVTG
LYERDIVATAREFGTTRPSIALFERGAHAHSNGVLNGMAIHALNALVGSF
YAKGGLGYQMGPSYGPMPVNDKEFMDDYANNGPWKSQPRIDMKGEKEGYL
LAKNMLQELGPNSLAGKPYKLDTVMFYLTNPIWTAPNGQVWEEALKELFV
IDTSPFPGETAMFADLILPDHTYLERLQDAPTYPFQGWPMAQLRVPAIKP
LYDTKYYGDTLIEIGKRIKGPMGNYYKALDSSENVIRHLAKGFEKDPGDN
GVNDFESWKEKGVWYKKPYIYRYRDGEFYKWDGKDYAIQMTAEEVKKDLF
KTESGKFELRSGWLEAHADWIAAKTKRPRDKLMLPHWEEPVHPGGGDLYM
VTPKVAMHAEGRGANLPVAIANLQPVLGGRKTVYIEINPQTAKERGIVNG
AKVRLKSDLGTIEGYCKYYEGCRPDTLVFPMEHGHWAMGRWAKGRPPGHC
GEITVNTSDRITGQCSYYTTKVSIEAA*",3300009870 assembled Ga0131092_100168894,3300009870,Engineered,WWTP,Unclassified,Activated sludge,Unclassified,NA
19,tip19,Thiocapsa_sp_isolate_M50B4-CP073760_1,Thiocapsa sp. (Russia),metagenome,Gammaproteobacteria,2,saline,NA,aquatic,https://www.ncbi.nlm.nih.gov/protein/QVL48901.1,"MDIPSTGLSRRRFLQASGTAGALGAVGLGGGALTTLREAEAQAATTPGETKITKNICHQCPARCGIDVYT
TDGRVHAIYGSTEHPISNGKLCPKGPLGTYILYDPDRFKGPMKRTNPNKGRDEDPGFVPISWEEALDTVA
ERLNRLRDKGESHRFALCYGRGWGASCAGLQGTFGELYGSPNVAIGHSSMCSDGSILSKKALDGIGSYNA
YDYANANMLLMFGVGFLEAFRPYNHNMQVWGYIRGVKVPKTRITAVDIHINTTLAGSDRALMIKPGTDGA
LALAIAHVILTEGLWERSFVGDFNDGVNRFKTGETVDPALFKEKWVKGLVDWWNTELKDRTPAWAAEVTD
LYERDILATAREFGTTRPSIALFERGAHAHSNGVLNGMAIHALNALVGSIYAKGGLMYQMGPSYGPMPVD
AKDFTDDYAANGPWKTQPRIDLKGDKDGYLLAKNMLQELGPNSLAGNPYKLDTVMFYLTNPIWTAPNGQV
WEEALKELFVIDTSPFPGESAMFADLILPDHTYLERLQDAPTYPFQGWPMTQLRVPAIKPLYDTQYYGDT
LIEIGKRIKGPMGDYYKALDNTENVIRHLAKGFATDPGDNGVNDFESWKEQGVWYKKPYIYRFVDGDFYT
WDGQDYATLMTEEEVKENLFKTDSGKFELRSGWLESNADWIAQKTGRDPRKLMFPHWEEPVHPGGGDLYM
VTPKVAMHAEGRGANLPVAIANLQPVLGGSKTAYIEINPQTARERGIANGARVRLTSDLGSIEGYCKYYE
GCRPDTIVYPMEHGHWAMGRWAKDRLPGHCGEITVNQSDRITGQCSYYTTKVSIAPA",QVL48901.1,NA,NA,Aquatic,Lake,Non-marine Saline,NA,NA
20,tip20,Thiocapsa_rosea_DSM_235_SAMN05444844,Thiocapsa rosea (unknown),isolate,Gammaproteobacteria,2,wastewater,anaerobic,aquatic,https://www.ncbi.nlm.nih.gov/protein/WP_120799028.1,"MDILNTGLSRRRFLQASGTAGALGAVGLGGGALTTLHEAEAQAATAPSET
KITKNICHQCPARCGIDVYTTDGRVHAIYGSADHPISNGKLCPKGPLGTY
ILYDPDRFKGPMKRTNPNKGRDEDPGFVPISWEEALDTVAERLNTLRDKG
ESHRFALCYGRGWGASCAGLQGTFGSLYGSPNVAIGHSSMCSDGSIISKK
ALDGIGSYNAYDYANANMLLMFGVGFLEAFRPYNNNMQVWGYMRGVKVPK
TRITAVDIHINTTLAGSDRALMIKPGTDGALALAIAHVILTEGLWERPFV
GDFTDGVNRFKTGERVDPSLFEEKWVKGLVDWWNTELKDRTPAWAAEVTS
LYERDILATAREFGTTRPSIALFERGAHAHSNGVLNGMAIHALNALVGSF
YAKGGLMYQMGPSYGPMPVDAKDFTDDYAANGPWKAQPRIDLKGDKDGYL
LANNMLQELGPNSLAGKPYKLDTVMFYLTNPIWTAPNGQVWEEALKELFV
VDTSPFPGESAMFADLILPDHTYLERLQDAPTYPFKGWPMTQLRVPAVKP
LYDTQYYGDTLIEIGKRIKGPMGEYYKALDNTENVIRHLAKGFATDPGDN
GVNDFESWKEKGVWYKKPYIYRFVDGEFRKWDGADYTIVMSEDEVKADLF
KTDSGKFELRSGWLESNADWIAQKTGRDPRKLMFPHWEEPVHPGGGDLYM
VTPKVAMHAEGRGANLPVAIANLQPVLGGRKTVYIEINPATARERGIADG
TKVRLSSDLGSIEGYCKYYEGCRPDTIVFPMEHGHWAMGRWAKDRLPGHC
GEITVNQSDRITGQCSYYTTKVSIAPA",WP_120799028.1,NA,NA,Aquatic,Lake,Freshwater,NA,NA
21,tip21,Gammaproteobacteria_Wastewater_Neutral_Feedlot_Canada-Y-Ga0245703_000062_18696_21179,Wastewater Neutral Feedlot (Canada),metagenome,Gammaproteobacteria,0,wastewater,NA,wastewater,Ga0245703_000062_18696_21179,">Ga0245703_000062_18696_21179
MDILSTGLSRRRFLQASGTAGALGAVGVGGGALTTLREAEAQSATAPSET
KITKNICHQCPARCGIDVYTTDGRVHAIYGTADHPISNGKLCPKGPLGTY
ILYDPDRFKGPMKRTNPNKGRNEDPGFVPISWEEALDTVAERLNGLRDKG
ESHRFALCYGRGWGASCAGLQGTFGSLYGSPNVAIGHSSMCSDGSIISKK
ALDGIGSYNAYDYNNANMLLMFGVGFLEAFRPYNNNMQVWGYIRGVKVPK
TRITAVDIHINTTLAGSDRALMIKPGTDGALALAIAHVILTEGLWERSFV
GDFSDGVNRFKTGEQVDPSLFEEKWVKGLVDWWNTELKDRTPAWAAEVTN
LYERDILATAHEFGTTRPSIALFERGAHAHSNGVLNGMAIHALNALVGSF
YAKGGLMYQMGPSYGPMPVDAKDFTDDYAANGPWKTQPRIDLKGDKDGYL
LANNMLQELGPNSLAGKPYKLDTVMFYLTNPIWTAPNGQVWEEALKELFV
IDTSPFPGETAMFADLILPDHTYLERLQDAPTYPFQGWPMAQLRVPAVKP
LYDTQYYGDTLIEIGKRIKGPMGDYYKALDNTENVIRHLAKGFATDPGDN
GVNDFESWKEKGVWYKKPYIYRFVDGEFRKWDGADYTIVMTEDEVKENLF
KTDSGKFELRSGWLESNADWIAQKTGRDPRKLMFPHWEEPVHPGGGDLYM
VTPKVAMHAEGRGANLPVAIATLQPVLGGRKTAYIEINPQTARERGIADG
AKVRLSSDLGSIEGYCKYYEGCRPDTLVFPMEHGHWAMGRWAKDRLPGHC
GEITVNQSDRITGQCSYYTTKVSIAPA",3300038525 assembled Ga0245703_000062_18696_21179,3300038525,Engineered,Wastewater,Unclassified,Industrial wastewater,Unclassified,Canada
22,tip22,Ectothiorhodospira_sp-PHS_1-WP_008932021_1,"Ectothiorhodospira sp. PHS-1 (CA, USA)",isolate,Gammaproteobacteria,2,saline,anaerobic,aquatic,https://www.ncbi.nlm.nih.gov/protein/WP_008932021.1,">WP_008932021.1 molybdopterin-dependent oxidoreductase [Ectothiorhodospira sp. PHS-1]
MKLLETLINRRRFLKATGAVAGAGVVAGGAGVVPGLTTLSHARSPAPSADTTITKNICHQCPARCGIDVY
TTGGRVHAIYGTSDHPISNGKLCPKGPLGAYILYDPDRFKGPMKRTNPNKGRDQDPGFVPISWNEALDMV
ADRLNGLREREESHRFALLYGRGWGASCAGLLGNFGKLYGSPNVAIGHSSMCSDGSIISKKAVDGIGGYN
SYDYKNANMLLMFGAGFLEAFRPYNNNMQVWGYIRGVKVPKTRITAVDVHMNTTLAGSDRALLIKPGTDG
ALALAIAHVILVDGLWEKAFVGDFSDGVNRFIPGETVDPDSFEEKWVKGLVEWWNAELKDRSPRWAAQVT
TLYERDILATAREFGTTRPAIALYERGAHAHSNGIFNGMAIHTLNALVGSLYAKGGLAYQVGPSYGPLPV
NADDYLDDWARTGGWKAQPRIDLKGHPDGYLLANNMMQEIGPNSLQGKPYKLDTIMFYLNNAIWTAPDVK
AWEEALKELFVIETSPFPSETAMFADVILPDHTYLERLQDAPTYPFQGWPMTQLRVPAVKPLYDTKYFGD
VLIELGKRIQGSMGEYYQALDNTENVIRHLAKGFESDPGDNGVNSFESWKEKGVWYKRVYPYRQIDGEFY
EWDGQDHTRLMSADEVRGALFKTASGKFEIRSGWLEAHADWIAAKTGRDPSRLMFPIWEEPSHPGGGDLY
MVTPKVALHAEGRGANLPVAIANMQPTLGGRNTIYIEINPKTARARGIPDGSRVRISSDLGAIEGYCKYY
EGVRPDTLVFPMEHGHWAHGRWAKGRKPGHSGEITVNQSDRITGQCSYYTTKVRIERA",WP_008932021.1,NA,NA,Aquatic,Lake,Non-marine Saline and Alkaline,NA,NA
23,tip23,Hydrogenophaga_palleronii_4249_SAMN18245274,Hydrogenophaga palleronii (USA),isolate,Betaproteobacteria,0,NA,NA,soil,https://gold.jgi.doe.gov/projects?id=Gp0506884,"MGIIERIFQPAVSRRRFLQATAATGAAATVVGGTTLRETRAQAPAAAAAE
TKITKNICHQCPARCGIDVYTTNGKVHAIYGNTDHPIANGKLCPKGPLGT
YILYDPDRFKSPMKRTNPNKGRNEDPKFVPISWDEALQTVADRLNMLRDK
NESHRFALLYGRGWGASCAGLQGTFGKLYGSPNVAIGHSSMCSDGSIKSK
QATDGNGSYNAHDYRNTNYLLLMGCGFLEAFRPYNYVMQMWGHMRSKSPK
TRVTAVDVHMNTTLAASDRALMIKPGTDGAFALAVAHVILTKGLWERSFV
GDFKDGENRFKAGETVDPELFQEKWTRGLVEWWNIELKDRTPEWAEGITT
ILARDIIATATEFGSTRPAMAIFERGVHAHSNGILNGMAVHSLNALVGSL
FAEGGMMYQMGPSYGAMPVDEADFMDDYAKDGPWKSQPRIDLKGHEDGYL
MANNMMQEVGPNSLAGKPYKLDTIMFYLNNAVWTAPNGQQWEEALKELFV
IDTSPFPGETAMMADIILPDHTFLERLQDAPTYPFEGWPLAQLRVPAIKP
LYDTKYYGDTLIEIGKRMKGSMGAYYKELKDSENVIRHLAKGFEADPGDN
GVKDFESWKEKGVWYKKRYLWQQRNGDFFEWDGKAYAKPMSADEVKAKLL
KTPSGKFEFRSGWLEAKADWIASKTGRDRAKLMFPHWEEPQNPGGGDMFM
VTPKVAMHAEGRGSNLPHAISLLQPVMGGRDQAYIEIHPETAKQRGIADG
DRVRVKTSVGSIEGVCRLFEGVRPDTLVYPMEHGHWAQGRWAKGRGPGHS
GDITVNQSDRITGQCNYYSTKVTIEKA",Gp0506884,NA,Host-Associated,Plants,NA,Roots,NA,USA
24,tip24,Beatproteobacteria_Coal_bed_water_subsurface_groundwater-USA-Y-Ga0377233_000054_260124_262610,Coal bed groundwater (USA),metagenome,Betaproteobacteria,0,freshwater,NA,aquatic,Ga0377233_000054_260124_262610,">Ga0377233_000054_260124_262610
MGLIEDIFKPAFSRRRFLQATATSGAAATLVGGNTLRETHAQAPAASRSE
TVITKNICHQCPARCGIDVYTTDGRVHAIYGNTDHPIANGKLCPKGPLGT
YILYDPDRFKGPMKRTNPKKGRNEDPKFVPISWDEALNTVAARLQGLRDK
GESHRFALAYGRGWGASCAGHLGTFGKLYGSPNVPIGHSSMCSDGSIKSK
QATDGNGSYNAHDYRNCNYLMLFGVGFLEAFRPYNNVMQMWGYMHGEKSP
KTRVTAVDVHMNTTLAASDRALLIKPGTDGALALAMAHEILVGGLWERSF
VGDFKDGVNLFKAGQTVDPASFSEKWVKGLVEWWNLELKDRTPKWASEIT
TILERDIVATAREFGSTRPAMAIFERGVHAHSNGIYNGMAVHSLNALVGS
LFAKGGMMYQMGPAYGGLPANADDHLDEYAKSGPWKSQPRIDLKGHEDGY
LLANNMLQELGPNSLAGKPYKLDTIMFYLTNPVWTAPNGQEWEKALAELF
VIDTSPFPGETAMMADIILPDHTFLERMQDAPTYPFEGYPLAQLRVPAIK
PLYDTKYFGDTIIEIGKRIKGPMGDYWKALKDTDNVIRHLAKGFEASPGD
NGVKDFESWKEKGVWYKKPYLWQQVRGDFFEWDGQAYAKPMSPDDVKAKL
FKTPSGKFEFRSGWLEAKADWIAAKTGRDKGKLMFPHWEEPKHPGGGDLH
MVTPKVALHAEGRGANIPMAISLLQPTMGGRDQVYIEIHPDTAAKRNIAD
GDRVRIKSTAGAIEGHVRLFQGVRPDTLVFPMEHGHWAQGRWAKNRGPGH
CGDVTVNQSDRVTGQCSYYTTKVTIEKA",3300037043 assembled Ga0377233_000054_260124_262610,3300037043,Environmental,Aquatic,Groundwater,Deep subsurface,Coalbed methane well water,USA
25,tip25,Betaproteobacteria_Wasterwater_Bioreator-Wisconsin-USA-Y-Ga0209573_100174115,"Wasterwater Bioreator (WI, USA)",metagenome,Betaproteobacteria,0,freshwater,NA,wastewater,Ga0209573_100174115,">Ga0209573_100174115
MGLIERIFKPAVSRRRFLQATATSGAAASLVGGTTLRETQAQPAAAGKTD
TRITKNICHQCPARCGIDVYTTGGRVHAIYGNTDHPIANGKLCPKGPLGT
YILYDPDRFKGPMKRTNPKKGRGEDPKFVPISWDEALNTVAGRLQGLRDK
GESHRFALCYGRGWGASCAGHLGTFGKLYGSPNVPIGHSSMCSDGSIKSK
QATDGNGSYNAHDYRNCNYLMLFGVGFLEAFRPYNNVMQMWGYMRGEKSP
KTRVTAVDVHMNTTLAASDRALLIKPGTDGALALAMAHEILVGGLWERSF
VGDFKDGVNRFKAGQPVDPAGFDEKWVKGLVEWWNIELKDRTPKWAAEVT
TILERDIVATAREFGSTRPAMAIFERGVHAHSNGIYNGMAVHSLNALVGS
LFAKGGMMYQMGPAYGGLPANADDFLDDYARNGPWKAQPRIDLKGHEDGY
LLANNMLQEVGPNSLAGKPYKLDTVMFYLTNPVWTAPNGQQWEKALAELF
VIDTSPFPGETAMMADIILPDHTFLERLQDAPTYPFEGYPLAQLRVPAIK
PLYDTKYFGDTIIEIGKRMKGPMGEYWKALKDTENVVRHLAKGFEASPGD
NGVKDFESWKEKGVWYRKPYLWQQVRGDFFEWDGKAYAKPMKPEDVKAKL
LKTPSGKFEFRSGFLEAKADWIAAKTGRDKARLMFPHWEEPKHPGGGDMY
MVTPKVAMHAEGRGGNIPMAISLLQPTMGGRDQVYIEIHPETAARRSIGD
GDRVRIKSSAGAIEGRVRLFQGVRPDTLVFPMENGHWAQGRWAKNRGPGH
CGEVTVNQSDRITGQCGYYTTKVTIEKA",3300026516 assembled Ga0209573_100174115,3300026516,Engineered,Bioreactor,Anaerobic-Aerobic,EBPR (Enhanced biological phosphorus removal),Sludge,USA
26,tip26,Betaproteobacteria_Peat_Soil_wetlands_Alaska-USA-Y-Ga0370499_0000031_49581_52067,"Peat Soil wetlands (AK, USA)",metagenome,Betaproteobacteria,0,NA,NA,soil,Ga0370499_0000031_49581_52067,">Ga0370499_0000031_49581_52067
MGLIDRIFQPAVSRRRFLQATATSGVAATLVGGTTLRETQAQVAPALKGE
TKITKNICHQCPARCGIDVYTTDGRVHAIYGNTDHPIANGKLCPKGPLGT
YILYDPDRFKGPMKRTNPKKGRNEDPKFVPISWDEALNTVAARLQGLRDK
GESHRFALCYGRGWGASCAGLQGTFGKLYGSPNVAIGHSSMCSDGGIKAK
QATDGNGSYNAYDYRNANMLLMFGCGFLEAFRPYNYLMQMWGYMRGEKTP
KTRVTAVDVHMNTTLAASDRALLTKPGTDGALALGIAHHILVGGLWEKSF
VGDFKDGVNRFKAGQNVDPETFSEKWVKGLVEWWNVELKDRSPKWAAEVT
TILERDIVATAQEFGTTRPAIALFERGVHAHSNGIYNGMAVHSLNALVGS
LFAKGGLMYQMGPSYGAMPVDENAYVDEYAKGGPWKSQPRIDLQGHEDGY
LMANNMLQEVGPNSLAGKPYKLDTIMFYLTNPVWTAPNGQQWEKALEELF
VIDTSPFPGETAMMADIILPDHTFLERMQDAPTYPFEGWPMAQLRVPAVQ
PLYDTKYYGDTLIEIGKRMKGPMGEYYKALKDTDNVIRHLAKGFEKDPGD
NGVNDFESWKEKGVWYKRPYHWQQVRGDFFEWDGKAYAKPMTAEDVKAKL
FKTPSGKFEFRSGWLEAKADWIAAKTGRDKAKLMFPHWEAPQHPGGGDLY
MVTPKVALHAEGRGGNIPMAISLLQPTMGGRDQVYIEIHPDTAAQRGIGD
GDRVRVKSSVGQIEGHVRTFQGVRPDTVVFPMEHGHWAMGRWAKNRGPGH
GGEVTVNQSDRISGQCNYYSTKITIEKA",3300034194 assembled Ga0370499_0000031_49581_52067,3300034194,Environmental,Terrestrial,Wetlands,Soil,Unclassified,USA
27,tip27,Tepidimonas_ignava_DSM_12034_SAMN10363434,Tepidimonas ignava (Portugal),isolate,Betaproteobacteria,0,freshwater,aerobic,aquatic,https://www.ncbi.nlm.nih.gov/protein/WP_207895062.1,"MGLMEKIVPPALSRRRFLQATAASGAAASLVGGQTLQPTQAQPAAAAQGS
QTTITKNICHQCPARCGIDVYTTDGRVHAIYGNTDHPIANGKLCPKGPLG
TYILYDPDRFKGPMKRTNPKKGRNEDPKFVPISWDEALQTVADRLNALRD
KGESHRFALVYGRGWGASCAGLQGTFGKLYGSPNVGIGHSSMCSDGSIKS
KQATDGNGSYNAHDYRNCNYLLLFGCGFLEAFRPYNNVMQMWGYMRTKSP
KTRVTAVDVHMNTTLAASDRALLIKPGTDGALALAIAHYILVNGLWDKKF
VGDFKDGVNRFKPGQTVQADTFDEKWVKGLVDWWNIELKDRTPKWAAEVT
TILERDIVATAHEFGTTRPAMAIFERGAHAHSNGILNGMAIHSLNALVGS
LFAKGGMMYQMGVPYGPLPVNEEDYMDDYAKNGPWKKYPRIDLKGHEDGY
LLANNMLQEVGPNSLKGKPYKLDTIMFYQNNAVWTAPNGQQWEEALKELF
VIDTSPFPGETAMMADLILPDHTYLERLQDAPTYPFEGWPMTQLRVPAIK
PLYDTKYYGDVLIEIGKRIKGPMGEYYKALKDTENVLRHLAKGFEANPGD
NGVKDFESWKEKGVWYKKPYLWQQRDGEFYEWDGKDYTKKMTPEEVKAKL
LKTPSGKFEFRSGWLETNADWIAAKTGRDKAKLMFPHWEEPKHPGGGDLY
MVTPKVALHAEGRGGNIPVAISLLQPVMGGRDQVYIEIHPETARKRGIRD
GDLCRIKSEVGSITGRVRYFEGVRPDTLVFPMEHGHWAMGRWAKGRAPGH
SGEVTVNQSDRISGQCNYYSTKVTIEKV",WP_207895062.1,NA,Environmental,Aquatic,NA,Freshwater,NA,NA
28,tip28,Piscinibacter_defluvii_SH-1_GCA_004011805_1,Piscinibacter defluvii (Korea),isolate,Betaproteobacteria,0,wastewater,aerobic,wastewater,https://www.ncbi.nlm.nih.gov/protein/WP_128003354.1,"MGLIERIFKPAVSRRRFLQATATSGAAASLVGGYTLRETQAQAPAASKTE
TKITKSICHQCPARCGIDVYTTDGRVHAIYGTSDHPISNGKLCPKGPLGT
YILYDPDRFKGPMKRTNPKKGRGEDPKFVPISWDEALNTVAARLQGLRDK
GESHRFALCFGRGWGASCAGLLGTFGELYGSPNVPIGHSSMCSDGGILAK
QCTDGNASYNAYDYRNANMLLMFGCGFLEAFRPYNNNMQVWGYIRGERTP
KTRVTAVDVHMNTTLAASDRALLVKPGTDGALALAIAHHLLVNGLWERSF
VGDFKDGVNQFKAGQTVDPASFSEKWVKGLVEWWNVELKDRTPKWASEVT
TILERDIVATAQEFGTTRPAIALFERGVHAHSNGIFNGMAVHSLNALVGS
LFAKGGLMYQMGPSYGPMPVDAGAHKDDYAKDGPWKKQPRIDLKGHEDGY
LLAKNMLQEVGPNSLKGKPYKLDTVMFYLTNPVWTAPNGPEWEEALKELF
VIDTSPFPGETAMMADILLPDHTYLERLQDAPTYPFQGFPMAQLRVPAIK
PLYDTKYFGDTLIEIGKRMKGPMGDYYKALKDSENVIRHLAKGFEKDPGD
NGVKDFEGWKEKGVWYRKPYLWQQRNGEFFEWDGKAYARPMTPEDVKKKL
MPTDSGRFEFRSSKLEHSADWIAAKAGRDKARLMFPIWEEPKHPGGGDLY
LVTPKVALHAEGRGGNLPVAISLLQPTMGGRDQVYIEIHPETAKKRGIGD
GERVRIKSSTGHAIEGTCRHFEGVRPDTLVFPMEHGHWAHGRWAQARAPG
HCGEVTVNQSDRVTGQCNYYTTKVTIEKA",WP_128003354.1,NA,Engineered,Wastewater,NA,NA,NA,NA
29,tip29,Alphaproteobacteria_Hot_Spring_California-USA-Y-Ga0394882_0007881_18815_21217,"Hot Spring (CA, USA)",metagenome,Alphaproteobacteria,0,freshwater,NA,aquatic,Ga0394882_0007881_18815_21217,">Ga0394882_0007881_18815_21217
VGVPGTGLEAPKAEAQGAAGAATKITKNICHQCPARCGIDVYTTNGRVHA
IYGTSDHPISNGKLCPKGPLGIYVLYDPDRWKAPMKRTNPKKGRNEDPKF
VQITWDEALKTVADRLNALRDRSESHRFALCYGRGWGASCAGLQGTFGEL
YGSPNVAIGHSSMCSDGSIIAKKFTDGNGGYNAYDYANTNHILMFGCGFL
EAFRPYNNNMQVWGYIRGEKSPKTRITAVDVHVNTTLAASDRGLLIKPGT
DGALALAIAHIILVEGLWERSFVGDFKDGVNKFKAGQTVNPDSFNEKWTK
GLVEWWNIELKDRTPKWAAGITTIRERDIIATAKEFGSTRPAMAIFERGA
HAHSNGIYNAMAIHSLNALVGSLFAKGGLMSQMGPAYGGMPVDDKDYMDD
YAKSGPWKKFPRIDMKGDKDGYLLAHNMLQEVGPNSLAGKPYKLDTVMFY
LTNPVWTAPNGQVWEEALKEHFVIDTSPFPSETGHMADLILPDHTYLERM
QDAPTYPFQGWPLAQIRVPAVKPLYDTKYYGDTLIEIGKRMKGRMGEYYK
ALKDTENVLRHLAKGFEKTPGDNGVNSFESWVEKGVWYKKPYLWQQRDGE
FYEWDGKAYAKKMSPDEVKAKLLKTASGKFEFRSSAMEKDGDWIAAKTGR
DKARLMFPIWEEPKHPGGGDLYLVTPKQALHAEGRGHNIPMVIAHLQPVT
GGRGEAFVEINPKTAKAKGIADGGWAKIKSSAGEIRVRARHYEGVRPDTL
VLPMEYGHWAAGRWSKGVPGGHSGEVTVNQSDRVTGQCNYYTTKVTIEKA",3300037422 assembled Ga0394882_0007881_18815_21217,3300037422,Environmental,Aquatic,Tepid (25-34C),Thermal springs,Unclassified,USA
30,tip30,Alphaproteobacteria_Hot_Spring_Sediment_Canada-Y-Ga0209381_100017079,Hot Spring Sediment (Canada),metagenome,Alphaproteobacteria,0,hot spring,NA,sediment,Ga0209381_100017079,">Ga0209381_100017079
MERTVAAASRRRFLQATSAGSALALGGPSLLPGEAGGGAVQAQPAAATKI
VKNICHQCPARCGIDVYVTNGRVHAIYGTPDHPISNGKLCPKGPLGIYVL
YDPDRWKGPMKRTNPKKGRNEDPKFVPISWDEALKTVADRLNALREKGES
HRFAILYGRGWGASCAGLLGTFGKLYGSPNVPIGHSSMCSDGSIIAKKAT
DGNAGYNAHDYRHTNYILMFGCGYLEAFRPYNNNMQVWGYIRGEKSPKTR
VTAVDVHVNTTLAAADRGLLIKPGTDGALALAIAHAILSEGLWERSFVGD
FADGVNRFKAGQTVDPATFEEKWVKGLVEWWNVELKDRTPAWAAKVTTLR
ERDILATAREFGTTRPAMAIMERGAHTHSNGIYNAMAIHTLNALVGSLFA
EGGQMYQMSPPYGDLPANAEDYMDDYAKTGPWKQYPRIDLKGHEDGYLLA
NNMMQEVGPNHLAGKPYKLDTIMFYLTNPIWTAPNGQIWEQALQDVFVID
TSPFPSETGHFADLILPDHTYLERMQDAPTYPFEGYPLTQLRVPAVKPLY
DTKYFGDTLIEIGKRMKGPMGEYYKKLESAENVIRHLAKGFEKNPGDNGV
DSFEKWVEKGVWYKKPYLWRQVRGEFFEWDGKGYNKPMTAEEVKAKLLKT
PSGKFEIRSGLLEANADWIAAKTGRDKAKLMFPIWEEPKHPGGGDLYLVT
PKQALHAEGRGHNIPMVIAHLQPVVGGRGEAFVEIHPETARQRGIKDKDW
VKIRSSVGEIRARCRLFEGTRPDTIVLPMEWGHWRAGRWSMAVPGGHSGE
CTVNQSDRITGQCNYYTTKVTVERA",3300025161 assembled Ga0209381_100017079,3300025161,Environmental,Aquatic,Hot (42-90C),Thermal springs,Sediment,Canada
31,tip31,Alphaproteobacteria_Anoxygenic_Microbial_Mat_Thermal_Spring-Yellowstone-USA-Y-Ga0209809_10011276,Yellowstone Mat Thermal Spring (USA),metagenome,Alphaproteobacteria,0,hot spring,anaerobic,microbial mat,Ga0209809_10011276,">Ga0209809_10011276
MERMVPAASRRRFLQATGAGSALALGGPSLLPGEAGGGAAQAQPAAATKI
VKNICHQCPARCGIDVYVTNGRVHAIYGTPDHPISNGKLCPKGPLGIYVL
YDPDRWKGPMKRTNPKKGRNEDPKFVPISWDEALKTVADRLNALREKGES
HRFAILYGRGWGASCAGLLGTFGKLYGSPNVPIGHSSMCSDGSIIAKKAT
DGNGGYNAHDYRHTNYILMFGCGFLDAFRPYNNNMQVWGYIRGEKSPKTR
VTAVDVHVNTTLAAADRGLLIKPGTDGALALAIAHVILSEGLWERSFVGD
FADGVNRFKAGQTVDPATFEEKWVKGLVEWWNVELKDRTPAWAAKVTTLR
ERDILATAREFGTTRPAMAIMERGAHAHSNGIYNAMAIHALNALVGSLFA
EGGLMYQMPPPYGALPANADDYMDDYAKNGPWKQYPRIDLKGHEDGYLLA
NNMMQEVGPNHLAGKPYKLDTVMFYQTNPIWTAPNGQVWERALQDVFVID
TSPFPSETGHFADLILPDHTYLERMQDAPTYPFEGYPLTQLRVPAVKPLY
DTKYFGDTLIEIGKRMKGPMGEYYKKLESAENVIRHLAKGFEKNPGDNGV
DSFEKWVEKGVWYKKPYLWRQVRGEFFEWDGKGYNKPMTAEEVKAKLLKT
PSGKFEIRSGLLEANANWIAAKTGRDKAKLMFPIWEEPKHPGGGDLYLVT
PKQALHAEGRGHNIPMVIAHLQPVVGGRGEAFVEIHPETARQRGIKDKDW
VKIRSSVGEIRVRCRLFEGTRPDTIVLPMEWGHWRAGRWSMAVPGGHSGE
CTVNQSDRITGQCNYYTTKVTVERA",3300026509 assembled Ga0209809_10011276,3300026509,Environmental,Aquatic,Hot (42-90C),Thermal springs,Microbial mats,USA
32,tip32,Cereibacter_azotoformans_str_ORIO,"Cereibacter azotoformans str. ORIO (CA, USA)",isolate,Alphaproteobacteria,2,freshwater,anaerobic,sediment,https://www.ncbi.nlm.nih.gov/protein/ULB12473.1,"MNEIDTGISRRRFLAATGTTGALAATVAVGVPGSGFEATSAEAQAARTPNTKITKNICHQCPARCGIDVYTTDGR
VHAIYGTPDHPIANGKLCPKGPLGVYILYDPDRWKGPMKRTNPKKGRDEDPGFVPISWDEALDTVAARLNSLRDK
GESHRFALCYGRGWGASCAGLQGTFGKLYGSPNVAIGHSSMCSDGSVISKKVTEGNAGYNAYDYRNTNYLLMFGV
GFLEAYRPYNNNMQVWGHIRGRKSPKTRVTAVDVHVNTTLAASDRGLLIRPGTDGALALAIAHVILTEGLWDRGF
VGDFRDGQNRFVAGRSVSPALFEETWVKGLVEWWNIELKDRTVDWAAGITDIPARDILATAREFGSTRPALAIFE
RGAHAHSNGIYNGMAIHALNALVGSFYAKGGLMNQMGPAYGDLPADETAFMDDWALNGAWQTMPRIDRKGEADGY
LMANNMLQEVGPNHLAGNPYKLDTMMFYLTNPIWTAPNGQVWEEALKDVFIIDTSPFPSETGHYADLILPDHTYL
ERLQDAPTYPFEGYPMTQIRVPALEPLHDTKYYGDVLIEIGKRINGKMGEYYRILDNTENVLRHLARGFETSPGD
NGVNSFESWVEKGVWYRKPYLWQQRNGVFYEWDGRDYTRVMTPEEVKENLIKTPSGKFEFRSGLMEENAAWIAEK
TGRDPARLMFPIWEEPVHPGGGDLHLVTPKVALHAEGRGHNIPMVIAHLQPVMGGRGQAYCEINPETARARGIAD
GDRIRITSDVGEVEAVCRFYEGVRPDTIVMPMEYGHWAAGRWSKAVDGQHTGECTANQSDRVTGQCNYYSSKVKV
AKA",ULB12473.1,NA,Environmental,Aquatic,Sediment,Freshwater,NA,NA
33,tip33,Rhodovulum_steppense-WP_207893964_1,Rhodovulum steppense (Russia),isolate,Alphaproteobacteria,2,saline,NA,microbial mat,https://www.ncbi.nlm.nih.gov/protein/WP_207893964.1,">WP_207893964.1 molybdopterin-dependent oxidoreductase [Rhodovulum steppense]
MTGRNTKMDEINTSVSRRRFLQATGVTGAAAATAVMGVPGTGLEATSAEAQTARAQPNTVVTKNICHQCP
ARCGIDVYTTDGRVHAIYGTADHPISNGKLCPKGPLGVYILYDPDRWRGPMKRTNPAKGRNEDPGFVPIS
WDEALDTVAARLNALREAGESHRFALLYGRGWGASCAGLQGTFGKLYGSPNVAIGHSSMCSDGSIISKKM
LDGNAGYNAYDYAHTNYILMFGVGFLEAFRPYNNNMQVWGHIRGRKSPKTRVTAVDVHVNTTLAASDRGL
LIRPGTDGALALAIAHVILTEGLWEKSFVGDFRDGRNRFVAGQSVSPALFEEKWTQGLVEWWNVELKDRT
VDWAAGITDIPADRILATAREFGSTRPAMAIYERGAHAHSNGIYNGMAIHSLNALVGSMYAVGGLMNQMG
PSYGAMPADENEYMDDWAQNGAWKDMPRIDRKGSADGYLMANNMMQEVGPNHLAGNPYKLDTMMFYLTNP
IWTAPNGQVWEEALKDVFIIDTSPFPSETGHYADLILPDHTYLERLQDAPTYPFQGFPMTQLRVPAVEPL
HDTKYYGDVLIEIGKRMNGPMGEYYRALGDTENVLRHLAEGFRADPGDNGVTDFESWKEKGVWYKKPYIY
RQVNGTFYRWDGRDYTIEMTEEEVQANLLKTPSGRFEFRSSQMEANAAWIAERTGRDPARLMFPIWEEPQ
HPGGGDLFLVTPKVALHAEGRGHNIPMVIAHLQPTVGGRGEAFCEINPATAEARGIGDGDMVRISSDAGE
VTARARVYAGVRPDTIVLPMEYGHWAAGRWSKAVPTQHSGECTINQSDRVTGQCNYYTTKVNVTKA",WP_207893964.1,NA,Environmental,Aquatic,Lake,Non-marine Saline and Alkaline,Microbial mats,NA
34,tip34,Tabrizicola_sp_DRYC-M-16_GCA_004745575_1,Tabrizicola sp. (China),isolate,Alphaproteobacteria,0,saline,NA,sediment,https://www.ncbi.nlm.nih.gov/protein/WP_135433574.1,"MDEINTGISRRKFLATTGTTGALAATVSLGVPGMGLEATSAEAQAAKTPN
TVVTKNICHQCPARCGIDVYTTDGRVHAIYGTADHPISNGKLCPKGPLGI
YVLYDPDRWRGPMKRTNPNKGRNEDPGFVPVTWDEALQTVADRLNGLRER
GESHRAAMLYGRGWGASCAGLLGTFGGLYGSPNMPIGHSSMCSDGSIVAK
GYTDGNASYNSHDYRNCNYLLMFGVGFLEAFRPYNNNMQMWGYMRGRKTP
KTRVTAVDVHVNTTLAAADRGLLIRPGTDGALALAIAHVILTEGLWERSF
VGDFADRQNRFVAGQTVTAAVAPEPVINAETGEATSPEITGEGFVEKWVT
GLVDWWNIELKDRTVEWASEITDIPARDILATAREFGSTRPAMAIFERGA
HSHTNGIYNGMAIHSLNALVGSLFAKGGMAYQMGPSYGPMPADANEFKDD
WANNGDWKTQPRVDKKGSSDGYLLARNMMQEIGPNHLAGDPYKLDTVIFY
QNNAIFTAPNGQVWEEAMKDVFIVDTSPFPTETGHYADIILPDHTYLERY
QDSPTYPFEGYPLTQLRVPAIKPIYDTKYFGDVIIELGKRMNGPMADYYR
ALDSAENVLRHLAKGFETDPGDNGVNSWESWVEKGVWYKKPYFWQQRDGV
FFEWDGTDYNREMTPEEVGQKLLKTPSGKFEFRSAALEANSDWIVGATGR
DPANLMFPIWEPPVHPGGGDLYFVTPKVALHAEGRGHNIPMVIAHLQPTV
GGRGEAFVEINPVTASARGISDGDRVRISSDAGSIEARCRVYAGVRPDTL
VLPMEYGHWASGRWSKAVPTEHCGEATVNQSDRITGQAMYYSTKVQVAKA",WP_135433574.1,NA,Environmental,Aquatic,Lake,Non-marine Saline,NA,NA
35,tip35,MAG-Desulfococcus_oleovorans_ArrA,"MAG10: Desulfococcus oleovorans (CA, USA)",metagenome,Deltaproteobacteria,3,freshwater,anaerobic,sediment,THIS STUDY,MRLTRRTFIMASGAAAGWLATGCATTTDPRPPGPVTSAFVPRKAKASAPAQGDWVGSTCQGCTQWCAIQIFVQDGRAVRVRGNPLSKTNHGYVCPRGHMIPQQMYDPDRVKTPMKRTNPAKGRGIDPKFVPISWDEALDTVADKMIELRQAGEPRKLMYMRGRYSPTSTDLLYGTLPKIWGTPNYFSHSAICAEAEKMGPGLTQGFFGYRDYDLEKTNCLVIWGCDPLASNRQVPNTIHRFHEIVKRGTVIVVDPRLSNVAAKAQEWLPIKPGTDGALAGAIAHVLLTEGLWSREFVGDFKDGKNLFKAGQAVDEAAFAEKETHGLVKWWNLELKDRTPAWAEKETLIPAAQIVRVARAMGKAAPKTAVWMGPGAAMHPRGTYSAMAVHALNGLLGSIDAEGGVWQSSSVPLGKFPSADKYVDDVAKTGSKGKKLDGRGAKDMPAMMNAKPGSGVVTNNVANGMLKDPGAVKVFIASWANFNFSCTGADRWDKAMAKVPFFVHMVTNPSEMTQFADIVLPSTFNSAEGWSIVTQMANGHGYASIQQAAVKRLWDVKQEETEVMWLLAEKLKAKGFPNLFDYYSQGIKDPETGKLPTTALEFSEIAAKITSAPLWMAKEPLKGDAPMAGWADFKTKGMFSGPKYTLKKGWGGKFATATKKFEFYSETLKKGLLEHAKKYETTADDILTVSGYVARGEVAFVPHYEPPKRHGSVADYPFTFVDYKSRLNREGRSGNLPWYQEFKKVDPGDVSWGDVLKMNPADGAQLGLKTGDTVSITSMAGSITVTLKLWEGVRPGTVAKCYGQGHWAYGRVAAKDFGKARPIGGNNNEILVDDYDRLSGVHGAQRRLHRREDRQGL,NA,NA,Environmental,Aquatic,Sediment,Freshwater,NA,NA
36,tip36,Alphaproteobactereia_Coastal_Seawater_Florida-USA-S-Ga0213835_1004775,"Coastal Seawater (FL, USA)",metagenome,Alphaproteobacteria,0,saline,NA,aquatic,Ga0213835_1004775,">Ga0213835_1004775
MDEINTGISRRRFLAATGTTGAVATAVVVGVPGTGIETRAAEAQARRTPN
TRITKNICHQCPARCGIDVYTTDGRVHAIHGNPDHPIANGKLCPKGPLGI
YILYDPDRWKGPMRRTNAQKGRGIDPGFVPISWDEALDIVADRLKALREA
GESHRFAMLSGRGWGTTDIGMMGQFGALYGTPNANIGHSSMCSDGSMKAR
LFTDGNDSYNAHDYRNCNYLMMFGCGFLEAFRPYNYNMQMWGYMRGQKSP
RTRVTAVDVHMNTTLAASDRALLIRPGTDGALALAMAHVILTEGLWERSF
VGDFADRLNHFRTGETVAEAVMPDPVEDPETGETVAAAPEGAVFVPRWTH
GLVDWWNVELKDRTPEWAAEITDIPAETIRTVAREFGSTRPAMAIFERGA
HAHTNGVFNAMAIHALNGLVGAVFAKGGMMYQMGPSYGALPANMADYRDD
YAENGPWRQQPRIDMQGHRDGYLLARNMQQEVGPNSLRGEPYKLDTILFY
QNNAIWTAPNGQVWEEAMKEVFVIDTSPFPSEAGHFADLILPDHSYLERY
QDCGPMPLEGYPHAHLRVPAIDPIHDTKYFGDVLIEIGKRMGGRMAEYFE
ALDSSENVLRHMARGFEANPGDNGVDGWEAWVEKGIWYRKPYLWQLRNGA
FYEWDGIDYAREMDAEEVKARLLRTPSGKFEFRSGLLEQNAEWIAGATGR
DPDRLMFPIWEEPVHPGGGDLYLSTPKVALHAEGRGSNLPMVIAHLQPVL
GGRGEAFVEINPATAAARGIRDLDRVRITSDVGTIEARCRVFAGTRPDTI
VLPMEYGHWAAGRWSNEVPTGHSGDCTVNQSDRVTGQCMYYSTKVRVAKA",3300021409 assembled Ga0213835_1004775,3300021409,Environmental,Aquatic,Coastal,Marine,Unclassified,USA
37,tip37,Pelomicrobium_methylotrophicum-WP_147801208_1,Pelomicrobium methylotrophicum (Russia),isolate,Hydrogenophilalia,0,NA,NA,aquatic,https://www.ncbi.nlm.nih.gov/protein/WP_147801208.1,">WP_147801208.1 molybdopterin-dependent oxidoreductase [Pelomicrobium methylotrophicum]
MEFLQTLMSRRRFLQVTGAAGAAAAGSAALPRLAGFSTLSEVHAQPAAGSGQTVITKSICHQCPARCGID
VYTTDGRVHAIYGASNNPISNGKLCPKGHLGTYILYDPDRFKGPMKRTNPQKGRNEDPKFVPVSWDEALQ
VVADRLNALRDKGESHRFALLFGRGWGASCAGLLGDFGKLYGTPNAGINHSSMCSDGSKKAKKATDGNYS
YSAYDYRNCNYLLIFGASFLEAFRPYNYLMQMWGHMRSKSPKTRVTVVEVHLNTTAAAADRALYVKPGTD
AALALAIAHVMLTEGLWDKEFVGDFADGQNRFKPGQSVDPAAFKEKWTHGLVDWWNAVVKDATPKWAAGI
TTIAERDIVETAREFGTTRPAIALFERGPTAHSNGTYAGMCIHALNALVGSLFAKGGLMYQMSPAYGPPP
VKVEDYLDEYARSEERKKYPRIDLVGTEEWPMASNMMQEIARNHLAGKPYKLDTVMFYLTNPIWTAPNPQ
QWEEALKDVFVIDTSPFPSETAMYADIVMPDHTYLERLQDTPTYPFEGWPMAGLRTPAIKPLYDTKVFGD
ILIEIGKRIKGPTGEYYKKLESTENLLRHLAKGFADSPGTNGVTDFESWKREGVWYRKPYLWQQRRGEFY
EWDGQGYNKLMKPEEVKAKLFKTPSGKFEFRSGYLEQHAEFIHRKLGIAQDKVGYPQYLPAKYTGGGDLH
FITPKVAMHAEGRGANIPTAIALLQPTMGGRKTVYLEIHPDTARKRGIGNGDRVRIKSAVGSIEAIARYA
PGTRPDTVVLPMEHGHWAWGRWAKGRLPGHSGEVTANQSDPISGLANYYTGMVTVEKA",WP_147801208.1,NA,Environmental,Aquatic,Mud,Volcano,NA,NA
38,tip38,Thioalkalivibrio_nitratireducens_DSM_14787-WP_015257777_1,Thioalkalivibrio nitratireducens (Egypt),isolate,Gammaproteobacteria,1,freshwater,NA,aquatic,https://www.ncbi.nlm.nih.gov/protein/WP_015257777.1,">WP_015257777.1 molybdopterin-dependent oxidoreductase [Thioalkalivibrio nitratireducens]
MKLFETLMNRRRFLKTSAAAGAAGAAVAGIGGLPGLTPVKEAHAQPVRGETRVTKNICGQCPARCGIDVY
TTAGRVHAIYGDLGNPIANGKLCPKGHLGTYFLYDPDRFKGPMKRTNPRKGRDEDPGFVPISWDEALDTI
AARLNDLRDRGESFRFAHFYGRGWGASDAGLYGDFGKLYGTPNSAIGHASICAEGSKRAKQATDGNNSYN
SYDYRNTNYILNFGAAFLEAFRPYNYLMQVWGHMRTKSPQTRVTTVDVRMNPTMAASDRAVYIKPATDGA
MALAIAHVMLTEGLWDQEFVGDFRDGRNAFRAGRPIPRGSFEERWVRGIEEWWNDELKDRTPEWAESITT
VPARTIVTVAREFGTTRPAMAIMERGPTSHTNGTYNGMAIHALNALSGCLFAEGGMYYQMGPSYGPLPVN
SDDFMDDYAKEIRGKYPRIDKAGTAEWPMAGTMIQETAEHHLKGDPYKLDTAMFFYTNPIWTAPDPKVWE
EALKDVFIIDTSPFPGETAMYADIIVPEPTYLERLQDSPTYPFEGWPMAALRVPAVDPIYDTKHFGDTLI
EIGKRIKGPTGDFYKALDNVENVLRHRAKGFENDPGDNGVRDFESWKAKGVWYKKPYHWRQFRGEFYEWD
GEGYNRQMTPEEVKEKLIKTPSGKFEFKSGFLEAHADYIQRELGVPARRVGLPQWVEPTSSGEGDLYFVT
PKTPMHAEGRSGNIPHAIALMQPVAGGRTTVYLEIHPETARARGIRNGDRVRIRSNLGFVEAYCRYVASN
RPDTLVMPMEHGHWAQGRWARGRLPGHSGEITENVSDPISGLASYYAGMVTVERA",WP_015257777.1,NA,Environmental,Aquatic,NA,Non-marine Saline and Alkaline,NA,NA
39,tip39,Aquisalimonas_sp_2447-CP050695_1,Aquisalimonas sp. 2447 (China),isolate,Gammaproteobacteria,1,saline,NA,aquatic,https://www.ncbi.nlm.nih.gov/protein/WP_167781925.1,"MNVLQTLITRRRFLQATSAAGAATAVGFGALRGLSPIQESRADPGPIDGETTITKNICHQCPARCGINVY
TRNGKVHAIYGDPGNPIANGKLCPKGHLGTYLLYDPDRFEGPMKRTNPNKGRNEDPEFVPITWEEAFDTV
AERLNRLRENGESYRFAHFYGRGWGSTDAGMYSDFGKLYGTPNSAIGHASICAEGSKRAKRATDGNDSYN
AYDYRNCNYILNFGASFLEAFRPYNYLMQVWGHMRTKSPQTRITSIDVRMNPTMAASDRYHMIKPGTDGA
MALAIAHVILTEGLWDTEFVGDFDDGENRFRAGETIDADRFQERWTHGLADWWNEELKDRTPEWAEEITT
IPAFHMKRIAREFATTRPAIALMERGPTAHFNGTYNGMAIHALNALVGSLFAEGGLFYQMGPPYGDLPVS
ADDYMDDYAREMEGKHPRIDMAGTDKWPMTSHMMQETAQHHLDGDPYKLDTAMFFVTNPIWSAPDPQLWE
EALKDVFIIDTSPYPGETAMYADIIMPEHTYLERLQDSPTYPFEGWPMTALRVPAVDPVYDTRHFGDMLI
EIGKRIDGPMSEYYAELGDVENILRHRAAGFADNPGDNGVNDFESWKEKGVWYKKPYHWRYWRGSFWEWD
GDDYNIEMSESEVKDKLMPTESGKFEFKSSFLEAHAAYIQREMDIPEERAGLIQWVEPRHTGEGDLHFVT
PKLPLKAEGRSANLPQAQAYMQPIVGGRGTVFLELHPRTAGERGISDGDPVRISAQVRGEQHSITAVARL
MPSHRPDTLVLPHEYGHWAQGRWATANGRHAKPGNSGELTENRSDPISGLASYYTTKVTLERA",WP_167781925.1,NA,Environmental,Aquatic,NA,Saline,NA,NA
40,tip40,Ectothiorhodospira_sp-BSL_9-WP_063465591_1,"Ectothiorhodospira sp. BSL-9 (NV, USA)",isolate,Gammaproteobacteria,2,saline,anaerobic,aquatic,https://www.ncbi.nlm.nih.gov/protein/WP_063465591.1,">WP_063465591.1 molybdopterin-dependent oxidoreductase [Ectothiorhodospira sp. BSL-9]
MNLLKSLVTRRRFLQAGGAAGVAGVGAAKFAGFTALSTRPQPATAQTRGETRITKNICAQCPARCGIDVY
TTDGKVTAIYGDKGNPIANGKLCPKGHLGAYFLYDPDRFTGPMKRTNPNKGRDEDPEFVPISWDEALDMV
AERMNSLRERGESHRFAHFYGRGWGSSDAGLYGDFGKLYGTPNSAIGHASICAEGSKRAKQATDGNNSYN
AYDYRNCNYILNFGAGFLEAFRPYNYLMQMWGHMRTKSPRTQVTSIDVRMNPTMAASDRYLMIKPATDGA
LALAIAHVILTEDLWDKEFVGDFAESGQRFQAGQRIESGSFEEKWVHGLETWWNEELLERTPEWAASITG
IPARDIVRVAREFGTTRPAIALMERGPTAHFNGTYNGMAIHALNALVGSLFAEGGLFYQMGPSYGALPVN
ADDFMDDHARQMQERIRDGEIVRIDKAGTEAWPMTSHMMQEVAGHHLAGDPYKLDTAMFFYTNPIWTAPD
PKLWEEALKDVFIIDTSPFPGETAMYADLILPEHTYLERLQDSPTYPFEGWPMAALRVPAVDPIHDTRHF
GDMLIEIGKRINGPMGDYYRELDSVENLLRHRAAGFADDPGDNGVNDFESWKEKGVWYKKPYHWRQFRGE
FYAWDGEDYTQRMSPEEVKEKLIKTPSGKFEFVSGFLENHAAYIHREMGIPEERVSLIQWVEARHTGEGK
LHFVTPKVPLHAEGRSANIPQAISYIQPMAGGRGTVFLEIHPQTARDHGIRNGDRVRLTAQVRGESQSIL
AVARFVAGNRPDTLVLPMEYGHWAQGRWATGQGRDRLPGHSGEITENQSDPISGLACYYTATVNIERA",WP_063465591.1,NA,Environmental,Aquatic,Lake,Non-marine Saline and Alkaline,Swamp,NA
41,tip41,Halomonas_chromatireducens-WP_066449856_1,Halomonas chromatireducens (Russia),isolate,Gammaproteobacteria,1,saline,aerobic,soil,https://www.ncbi.nlm.nih.gov/protein/WP_066449856.1,">WP_066449856.1 molybdopterin-dependent oxidoreductase [Halomonas chromatireducens]
MKLFQTLLDRRRFLQSSAVVGATAGAVGVTGLTGLAQAPQARAQTPRGETVVTKSICAQCPARCGIDVYT
TDGRVHAIYGDTGNPIANGKLCPKGHLGSYFLYDPDRFKGPMKRTNPEKGRDEDPGFVPISWDEALDMVA
ERLNGLRERGESHRFAHFYGRGWGASDAGLYGDFGKLYGTPNSAIGHASMCAEGSKRAKRATDGNDSYNS
YDYRNTNYLLIMGASFLEAFRPYNNVMQMWGHMRSKSPKTRVTCVDVRMNPTMAAADRALYIKPGTDGAF
ALAVAHVILTEALWDKEFVGDFYQASRRFVSGESIPEDSFEENWVHGLTEWWNQELKDRTPEWAEAITSI
PARHIRQTAIEFGSTRPAVALFERGPTGHTNGTYNGMAIHALNALVGSLFAKGGLGYQMGVPYGDLPVSA
DDYLDDYARDGAWKDQPRIDMAGTERWPMTSHMMQETGPNHLAGDPYKLDTAMFFYTNPIWTAPDPKVWE
EAFKDVFIIDTSPFPGETAMYADLILPDSTYLERLQDSPTYPFEGWPMTALRVPAVEPIYDTRHFGDILI
GIGKRLNGPAGEYYRALDSVENVLRHRAAGFADNPGDNGVNDFESWKEKGVWYKKPYHWRLDRGRFYEWG
GLDYDLQMSPEEVKAKLFKTPSGKFEFKSGFLEEHAAYIETEMGIPRERVGLIQWVEPQHSGGDGDLYFV
TPKTPLHAEGRGANVPHNIAIHQPIVGGRDTVYLEVHPRTAQERGIRNGDRVRITSDLGSIEAECRFVAG
HRPDTLVLPFEFGHWAQGRWAKGRGPGHSGEITANVSDPISGLASYYTGKVRLERA",WP_066449856.1,NA,Environmental,Terrestrial,Soil,saline alkaline soil,NA,NA
42,tip42,Marinospirillum_celere-WP_091965171_1,Marinospirillum celere (USA),isolate,Gammaproteobacteria,0,saline,NA,sediment,https://www.ncbi.nlm.nih.gov/protein/WP_091965171.1,">WP_091965171.1 molybdopterin-dependent oxidoreductase [Marinospirillum celere]
MKIFQAMMSRRRFLQASGTAGAVGATAAGITGLTGLTQAKEARASRPRGETKITKNICHQCPARCGIDVY
TTDGRVHAIYGDTGNPIANGKLCPKGHLGSYFLYDPDRFKGPMKRTNPNKGRNEDPGFVPISWDEAFDTI
AARLNNLRERGESHRFAHFYGRGWGASDAGLYGDFGKLYGTPNAAIGHASMCAEGSKRAKRATDGNDSYN
SHDLRKTNYLLIMGASFLEAFRPYNNMMQMWGEMRSKSPKTRVTTVDVRMNPTMAASDRALYIKPATDGA
FALAVAHVILTEGLWERDFVGDFTNGRNQFEAGKTLSKDAFNEKWVHGLIDWWNEELKDRTPEWAEQITT
IAAKDIRQTAIEFGSTRPAMAIFERGPTGHTNGTYNGMAIHSLNALVGSLFAEGGLGYQMGPAYGALPVN
SDDYLDDYARNGAWKNQPRIDMARTERWPMTSHMMQEAGPNHLKGDPYKMDTAMFYSTNPIWTAPNPKAW
EEALKDVFIIDTSPFPGETAMFADIVLPESTYLERLQDSPTYPFEGWPMTALRVPAIDPIYDTKHFGDML
IEIGKRINGPTGEFYKKLDNIENVLRHRAAGFANAPGDNGVNDFESWKEKGVWYRKPYHWRQIRGEFYEW
EGESYSKRMTPAEVKEKLLRTPSGKFEFKSGFLEQHADYINREMGIPKERVGYVQWVEPKHTGGNRDLYF
VTPKTPMHAEGRGANIPHAISIHQPIAGGRDTVYLEVNPETAKARGIRNGDRVRITSDLGSIEAECRYVA
AHRPDTLVLPFEFGHWAQGRWAKDRGPGHSGEITANVSDPISGLASYYTGKVSLERA",WP_091965171.1,NA,Environmental,Aquatic,Sediment,NA,NA,NA
43,tip43,Enriched_Hypersaline_Lake_Water_Antarctica-Y-Ga0326478_10001959,Hypersaline Lake Water (Antarctica),metagenome,Unknown,0,saline,NA,aquatic,Ga0326478_10001959,">Ga0326478_10001959
MTTNLFQTLMKRRRFLQGSAAAGAAGATLGGLGTLGGLSPVEEARAQPPR
GETTITKNVCAQCPARCGIDVYTTDGQVHAIYGDTGNPIANGKLCPKGHL
GSYFLYDPDRFKGPMKRTNPAKGRDEDPEFVPISWDEALDMVAERLNNLR
DQGESHRFAMFYGRGWGASDAGLQGTFGQLYGTPNAAIGHSSMCADGSKK
AKQATDGNNSYSSYDYRNTNYLLIMGASFLEAFRPYNNVMQMWGYMRSKS
PKTRVTTVDVRMNPTMAASDRALYIQPGTDGAFALAVAHVILTEGLWDRE
FVGDFKDQSERFQAGETIPEGSFEEKWVYGLTEWWNRELKDRTPEWAESV
TGIKASDIRTTAMEFGSTRPAIALFERGPTGHTNGTYNGMAIHSLNALVG
SLFAEGGLGYQMGPSYGPMPVDPQDFMDDYARNGAWKEQPRLDMAGTERW
PMVNNMMQECAGNHMNADPYSIDTAMFFYTNPIWSSPDPRQWEEALKNVF
VIDTSPFPGETAMYADLVLPDSTYLERLQDIPTYPFEGWPMAALRVPAIE
PLYDTKMYGDVLIELGKRIKGPMADYYRALESTENIVRHLAKGFEEDPGD
NGVNGFESWKEKGVWYKKRYQWRQYRGEFYEWDGRCYNTRITPEQVQQHL
LKTPSGKFEVNSAFLNEHADYIEASHGIPRDRAGLVQWVEPRHSGGEGDL
HFVTPKTPLHAEGRGANLPQAIAHHQPLAGGNTTVYLEVHPDTAKARGIR
NGDQVRIRSSLGSIEAECRYVAAHRPDTLVLPFEFGHWAQGRWAKGRGPG
NSSEITENVSDPISGLVGYYTGKVSLERA",3300031914 assembled Ga0326478_10001959,3300031914,Environmental,Aquatic,Hypersaline,Non-marine Saline and Alkaline,Unclassified,Antarctica
44,tip44,Roseinatronobacter_monicus_DSM_18423_SAMN05443025,Roseinatronobacter monicus (USA),isolate,Alphaproteobacteria,2,saline,NA,aquatic,https://www.ncbi.nlm.nih.gov/protein/WP_142085920.1,"MDKINTGISRRRFLATTGTGALTVSAVTVGLPGTGVENTAAQAQAAMPNT
KITKNICAQCPARCGIDVYTTDGRVHAIYGDTGNPIANGKGCPKMHLGTY
FLYDPDRFKGPMKRTNPKKGRNEDPGFVPISWDEALDIVANRLNDLRDRG
ESHRFAHFYGRGWGPTDAGLYGDWGKLYGTPNSAIGHASMCAEGSKRAKQ
ATDGNNSYNSYDYANTNYILNFGASFLEAFRPYNYLMQMWGKMRSKSPQT
RITSIDVRMSPTMAASDRAVYIKPATDGAMALAVAHVILTEGLWDREFVG
DFADGRNHFVTGQPIEAAVMPEPVTDPETGEVTQAAPEGSGFVELWTHGI
ARWWNEELKDRTPEWAEEITEVPASTIRAVAREFGTTRPAMAIMERGPTS
HTNGTYAGMAIHALNALVGSLYAEKGGMFYQMGVPYGGLPVNADDYMDDW
AKNGAWKDYPRIDKARTEEWPMASHMMQEAGPNHLKGDPYKMDTAMFYYT
NPIWTAPNPQVWEEALKDVFIIETSPFPSETAMYADIIMPEHTYLERWQD
SPTYPFEGWPMTALRVPAVEPIYDTKHFGDMLIEIGKRINGPMGDYYREI
DNVENILRHRAKGFEANPGDNGVNSFESWAEKGVWYKKPYHWHHRRGKFY
EWDGEGYNVEMTPEDVKAKLLKTPSGKFEFASGFLEAHADYIEREMGVPA
DRAGLIQWVPPVHTGGGGDLYFVSPKTPMHAEGRSGNIPHGIAIHQPIVG
GKNTVYLEIHPDTGRARGIRDGDRVRITSDVASIEAYCRFMPGHRRDTIV
LPMEHGHWAHGRWARGRLPGHSGDVTANVSDPISGLASYYTGKVKLERV",WP_142085920.1,NA,NA,Aquatic,NA,NA,NA,NA
45,tip45,Beta_proteobacteria_Freshwater_150m_Deep_Cast_Tanzania-Africa-Y-Ga0194126_100054098,"150m Deep Cast (Tanzania, Africa)",metagenome,Betaproteobacteria,0,freshwater,NA,aquatic,Ga0194126_100054098,">Ga0194126_100054098
MKLLENMITRRRFLQASGAAAGTAAVSGGLGYATLAPMSEAQAQGGGGTT
ITKNICGQCPARCGIDVYTTNGRVHAIYGDPGNPIANGKLCPKGHLGTYF
LYDADRFKGPMKRTNPKKGRNEDPKFVPISWDEAFDTVAKRLQTLRDKGE
SHRLAHFYGRGWGPSDAGLYGDFGKLYGTPNSAIGHASLCAEGSKRAKQA
TDGNNSYNAYDYHNTNYILNFGAGFLEAFRPYNYLMQAWGHMRTKSPKTR
ITSIDVRMSTTMAASDRALMIKPATDAALALAVAHVMLVEGLWDKEFVGD
FKDGLNLFKSGQDVPENSFAERWTHGIAGWWNAVVKNATPKWAAEITTLA
EADIVAVAREFGTTRPAMAIMERGPTAHTNGTYAGMCIHSLNALAGTMFA
KGGMFYQMGVPYGGLPVKSEDFMDDYAKSPDRKKPRIDLAGSADWPMTGT
MMQECAKNHLAGKPYKLDTAMFFYTNPIFTAPDAKVWEEALKDVFVIDTS
PFPGETAMYADIVMPEHTYLERLQDSPTYPFEGWPMTALRVPAIKPLYDT
KHFGDMIIEIGKRMQGPMGDYYKALGNTENVIRARAKGFEANPGDNGVKD
FETWKEKGVWYRKPYHWRQHRGEFYEWDGSDYRKKMTADDVKAKLLKTPS
GKFEFKSGFLEKHAEYIQRTLGVAPDRVGFPQYIPAKHTGGGDLHLVTPK
TAMHAEGRGANLPHAIALAQPSMGGKTTVYLEIHPETAKKRGIKNNGRVR
LKAKLGTIEAIARYSPATRPDTLILPQEHGHWAQGRWAKDRRPGNTSDIC
DNVSDPISGLACYYTGKVTIEAA",3300020603 assembled Ga0194126_100054098,3300020603,Environmental,Aquatic,Lake,Freshwater,Unclassified,Tanzania
46,tip46,Halorhodospira_halophila_SL1-ABM61147,Halorhodospira halophila SL1 (USA),isolate,Gammaproteobacteria,2,saline,anaerobic,aquatic,https://www.ncbi.nlm.nih.gov/protein/WP_011813170.1,"MSVLDHLVSRRRFLQATGVGGGAVAAGGVGHLLSFSAGGSHARADGPVGGGETQITKNVCHQCPARCGID
VYTTDGRVHAIYGDPGNPIANGRLCPKGHLGSYILYDPDRFKGPMKRTNPNKGRDEDPQFEAISWDEALG
IVAERLNRLREQEESHRFALMYGRGWGASCAGLLGPFAKLYGTPNVIGHSSMCSDGSMVAKGLTDGNESY
NAYDYRNTNYILNFGAGFLEAFRPYNYLMQVWGHMRTKSPKTRVTAVDVHMNPTLAAADRAVTIKPATDG
AMALAIAHEMLVNGYWDRDFVGDFTDGANRFEAGTEIDPDDFEEVWTQGLIRWWNDELKDRTPEWAESIT
TVPAETIRRVAYEFGTTRPAMAIMERGPTSHSNGTYNGMAIHALNALAGTLFTEGGLFYQMDVPYGDGPA
DPDDYLDDYAGRMQERFDEGEIPRIDKLGTDRWPLARNMMQEVGPNHAAGEPYKLDTILFYLNNPIWTAP
DATAWEEALKDVFIIDTSPFPGETARYADLILPDHTYLERLQDAPTYPFEGYPMTALRTPAVEPLYDTKV
FGDILIEIGKRLDGPAGEYWQAVGDTENLLRHLAEGFRDHPGDNGVEDFESWKAKGVWYKKPYHWKQERG
VFYEWVEDDGDYTHEMSAEEVADKLMPTPSGRFEFFSEKLQEHADFVASEFGIDHERAGLIQWVDPDHPG
GGDLYFSTPKTALHAEGRGANIPHAIAHVQPVMGGRTTVYLEIHPRTARERGIRSGDRVRIVSDVGEIEA
YARLFEGTRPDTVCLPMEHGHWAQGRWAEGRKPGHSGEVTVNQSDRISGLASYYTTKVRVERA",WP_011813170.1,NA,NA,Aquatic,NA,NA,NA,NA
47,tip47,Natronocella_acetinitrilica_ANL_6-2_SAMN18242821,Natronocella acetinitrilica (Mongolia),isolate,Gammaproteobacteria,0,saline,NA,sediment,https://gold.jgi.doe.gov/projects?id=Gp0533403,"MNVLESLITRRRFLQASGAAGALAAGGIGLQGLAPISQSQAQRRSAGETV
VTKNVCHQCPARCGIDVYTTDGRVHGIYGSMNSPIANGKLCPKGHLGTYI
LYDPDRYKGPMRRTNPNKGRDEDPQFESISWEEALDIVAGRLNNLRDNDE
SHRFAILYGRGWGASCAGLLGTFGQLYGSPNTALGHSSMCSDGSMVAKGL
TDGNEAYNAYDYKNVNYLLNFGAGFLEAFRPYNYLMQVWGHIRTKSPKTR
VTAIDVHANATNAAADRKLLIRPGTDGAMALAIAHVILTEGLWDKEFVGD
FRDGRNRFESGEVIDGDTFNQRWVHGLDVWWNEELKDRTPEWAEEVTSIP
ARHIREVAREFGTTRPAMAIFERGPTAHSNGTWNGMAIHALNALVGALFA
EGGMFYQMGPSYGPLPASAGDYMDDHAQRVRERIASGELPRIDMKGTDRW
PLARNMMQEIGPNHHKGDPYKLDTVMFYLNNPIWTAPDSKAWEEAFKDIF
VIETSPFPSESAKYADIILPDHTYLERLQDAPSYPFEGWPITTLRTPAVD
PLYDTKVFGDTLIEIGKRINGSMSEYYQALDNTENVLRHLAEGFRDNPGS
NGVNDFESWKREGVWYKKPYHWRQRRGVFYEWDGEGYNRRMSPSEVREKL
LRTPSGRFEFVSGKLEQYADYVAQEFGIPAERAGIIQWVAPEHPGGGDLY
FSTPKTAMHAEGRGANIPHAISLLQPVMGGRRTVYLEIHPETARARGIRS
GDRVKIRSELGEIEAYCRYFEGTRPDTVVLPMEHGHWAQGRWAESRKPGH
SGEITVNRSDRISGLASYYTTKVSVERA",Gp0533403,NA,NA,Aquatic,Sediment,NA,NA,NA
48,tip48,Gammaproteobacteria_Gold_Mine_Fracture_Fluid_South_Africa-Y-Ga0246235_10003479,Gold Mine Fracture Fluid (South Africa),metagenome,Gammaproteobacteria,0,NA,NA,aquatic,Ga0246235_10003479,">Ga0246235_10003479
MDILKSLITRRRFLQASGAAGAAGAAGLGAAGTFTTLKKAEAAPASSGGT
TTITKSICHQCPARCGIDVYTTNGRVHAIYGNSDHPIANGKLCPKGHLGT
FILYDPDRFKGPMKRTNPKKGRNEDPGFVPISWDEALGTIAGRLQNLRDK
GESHRFALFYGRGWGASCAGLQGTFGKLYGSPNVAIGHASMCSEGSKRAK
QATDGNDSYNAYDYRNTNYLLIFGAGFLEAFRPYNYLMQMWGHMRTKSPR
TTVTVVDVHANTTTAAADRALYIKPGTDGAMALAIAHVMLTEGLWNKEFV
GDFKDGDNLFRTGQHIPAGSFAEKWTSGLETWWNEELKDRTPEWAEKITS
IPAKYIRDVAREFGSTRPAMAIMERGPTAHTNGTYNGMAIHALNALSGAL
FAEGGLHYQMGPSYGSMPVSADDYMDDWAKSGAWKSLPRIDMAKTERWPT
AGTMMQEAGPNHLKGDPYKLDTAMFYLTNPIFTAPNGQVWEEAMKDVFVI
DTSPYGAETAMYADIIVPDHTYLERLQDAPTYPFEGWPMAQLRVPAVKPV
HDTKVYGDILIEIGKRMKGPMADYYKAIDSTENVLRHLAKGFEKDPGDNG
VNGFESWKEKGVWYKKPYHWRQWRGDFYEWDGKGYNKKMTADEVKAKLIK
TASGKFEFKSAFIEKHADNFSQKLGIPAERIGLIQWVPPKHTGGGDLHFV
TPKTAMHAEGRGANLPHAIAYQQPMHGGNRTVYLEIHPDTARKRGIRNGD
KVKIKSSVGSIEAYCKYFEGTRPDTVVMPFEHGHWSTLTRWTQNRGSGHS
GHLTENVSDPISGLACYYTGTVTVERA",3300029892 assembled Ga0246235_10003479,3300029892,Environmental,Terrestrial,Fracking water,Deep subsurface,Unclassified,South Africa
49,tip49,Alkalilimnicola_ehrlichii_MLHE_1-WP_011630159_1,"Alkalilimnicola ehrlichii MLHE-1(CA, USA)",isolate,Gammaproteobacteria,1,saline,anaerobic,aquatic,https://www.ncbi.nlm.nih.gov/protein/WP_011630159.1,">WP_011630159.1 molybdopterin-dependent oxidoreductase [Alkalilimnicola ehrlichii]
MNVLQNKLNRRRFLQASGAAGAAGVAGLNAIPGISTLEASPGTRARATSDTVVTKSVCQQCSTRCGLDVY
TTNGRVHAIYGNPDAPLSNGKLCPKGHLGPYILYDADRFKGPMKRTNPKKGRNEDPGFVPISWDEALDTV
AARLTALRERNESHRFVVAYGRGWGPADAGLFGTWGRLYGSSSIGIGHSSICADGSKKVKRAMDGNDSYN
SYDYENCNCLLIFGAGFLESFRPYNANMQMWGRMRSKGTRITMVDVRNSVTAAAADRKLIVSPGTDGAIA
LAIAHVILTEGLWDRPFVGDFTRSRLRFETGKPIDPDTFSENWVKDLPAWWNTTLKDATPAWAEGITGVP
AEKIVATAKEFGSTRPAIAVFERGPTAHTNGAYNGMAIHALNALVGSMFAKGGLSYQMGSSAGSLPINPD
DYMDDYAREMEGKYPRIDMARTDAWPMTSNMIQDIAKNHLTGSPYKMDTIMFYTVGPIYSGPDCTVWEEA
LQDVFVIDTSPSPQESAQFADLILPDHTYLERLEVANTYPFQGYPMSMIREPAVKPLYDTMQFGNIMIEL
GKRMPGPMADYYQQVGSVENVVAAFAAGFENDPGDNGVNDLASFKEKGVWYKTPYLWRQIDGEFYEWDGH
RYSIRMSEDDVKAKLLKTPSGKFEFQPAWFTNEKHAAHIQKHLGIPRDMIGFPHYVEPQYQGGGDLHLIS
PKLPLSAEGRSANLPHTHAVWQPTQGGTDTVYMEIHPQAAAARGIKDRDRVRISSSVGAIECFASVSGGV
PKDTVVLPLAHGHWGSGRWAQNKGVSGSVNEVIPNVVEPVSGLVAFSAAKVFVEKV",WP_011630159.1,NA,NA,Aquatic,NA,NA,NA,NA
50,tip50,Betaproteobacteria_Wastewater_Activated_Sludge_Singapore-F-Ga0082021_100324810,Wastewater Activated Sludge (Singapore),metagenome,Betaproteobacteria,0,wastewater,aerobic,wastewater,Ga0082021_100324810,">Ga0082021_100324810
MDQSTLNPKITRRRFLQATGIAGAAGAVGLSLEQTGALNTVARVHAQPAP
EKGGETVITKNFCHQCPARCGIDVYTTNGRVHAIYGTLDNPLSNGKLCPK
GHLGTYLLYDPDRFKGPMKRTNPKKGRNEDPKFVPISWDEALQTVADRLN
VLREKGESHRFALLFGRGWGAVDAGLLGTFGKLYGTPNSGLGHSSTCADG
SKKAKLYLEGSYDYSAYDYANANNLLIFGAGFLEAYRPYNANMQVWGHMR
TKAAKTKVTVVDVHMSTTGAAADRLIMIKPGTDGAMALAMAHVILTEGLW
DKKFVGEFKPVVQPKDPEAPRIAPHRFEAGKELDPAAFEAKWTHGLIEWW
NAELKDRTPEWAEKVTTVPAKEIVATARELATVKPSIALFERGPTAHTNG
VYNGMAIHALNALIGSVWAEGGIFYQTAKTPWGKLDIKSEDFMDDYAKSD
DRKKPKIDGVGKTYKMASAQIQRIGEYHLKGDPYKLDTIMFYLTAPIFSS
PECNNWEKALQDLFVIETSPYPSENAMFADLILPDHTYLERLQIADTYPF
QGWPMAMIRTPAVKPIYDTRFFGDTLIEIGKRIKGSTGDYYKQVGSTENI
IKAMAAGFAEKPGDNGVNDFESFKAKGVWYKKPVAYRQVRGEFLEWDKET
KSHSIPMDAAKVKEKIFKTPTGKFEFKAGYLEQEKYAHYIHEKHGIAEDR
VGFPQWIPPKYSGSGDLHFITAKLPLAAEGRSSNLPHAIAAVQPTQGGKR
GVFVEINPETAAKKGIKTGDTVLIKSKTGSVRAPARVFAGVRPDTIFLPY
YSGHWAQGRWAKAERIQANSVNEVIENVSDPISGLACYYSGMVSIEKV*",3300006092 assembled Ga0082021_100324810,3300006092,Engineered,Wastewater,Unclassified,Activated Sludge,Unclassified,NA
51,tip51,Betaprotetobacteria_Enriched_Sediment_Hydrocarbon_Contaminated-Canada-F-Ga0197853_10437747,Sediment Hydrocarbon Contaminated (Canada),metagenome,Betaproteobacteria,0,NA,anaerobic,sediment,Ga0197853_10437747,">Ga0197853_10437747
MDQPTLNPKITRRRFLQATGIAGAAGAVGLGLEQAGVLNTVSKVHAQPAA
EKAGETVITKNFCHQCPARCGIDVYTTNGRVHAIYGTLDNPLSNGKLCPK
GHLGTYLLYDPDRFKGPMKRTNPKKGRAEDPKFVPISWDEALQTVADRLN
VLREKGESHRFALLFGRGWGAVDAGLMGTFAKLYGSPNVGLGHSSTCADG
SKKAKLYLEGNYDYNAYDYGNANNLLIFGAGFLEAYRPYNANMQVWGHMR
TKAAKTKVTVVDVHMSTTGAAADRLIMIKPGTDGAMALAMAHVILTEGLW
DRKFVGDFKPVVQPKDPDAPRIPPHKFEAGKELDPAVFEAKWTHGLIEWW
NAELKDRTPEWAEKITTVSAKEIVATARELATVKPSIALFERGPTAHTNG
VYNGMAIHSLNALIGSVWAEGGIFYQTGKTPWGKLAINADDFMDDYAKSD
ERKKPKIDGVGKTYKMASAQIQRIGEYHMKGDPYKLDTVMFYLTAPIFSS
PECNNWEKALQDLFVIETSPYPSENAMFADLILPDHTYLERLQVADTYPF
QGWPMAMIRTPAVKPIYDTRFFGDTLIEIGKRIKGPTGDYYKQVGNTENI
VKAMAAGFAEKPGDNGVNDFESFKAKGVWYKKPVAYRQVRGEFLEWDKET
KSHSVPMDAAKVKEKIFKTPTGKFEFKSGYMEQEKYAHYIHEKHGIPEEK
VGFPQWIPPKYSGSGDLHFITAKLPLAAEGRSANLPHAIAAAQPTQGGKR
GVFVEINPETAAKKGIKTGDVVLIKSKTGSVKAPARVFAGVRPDTVFLPY
YSGHWAQGRWAKAERIQANSVNEVIENVSDPISGLACYYTGMVTIEKA",3300019775 assembled Ga0197853_10437747,3300019775,Engineered,Lab enrichment,Anaerobic media,Defined media,Unclassified,Canada
52,tip52,Rhodocyclales_bacterium-MBI4988598_1,Rhodocyclales bacterium (USA),isolate,Betaproteobacteria,2,freshwater,NA,aquatic,https://www.ncbi.nlm.nih.gov/protein/MBI4988598.1,"MDQSTLNPKITRRRFLQATGIAGAAGAAGLTLEQSGALNTISTVHAQPAAEKGGETVITKNFCHQCPARC
GIDVYTTNGRVHAIYGTLDNPLSNGKLCPKGHLGTYLLYDPDRFRGPMKRTNPKKGRNEDPKFVPISWDE
ALQTVADRLNALRDKGESHRFALLFGRGWGAVDAGLFGSFGKLYGSPNIGLGHSSTCADGSKKAKLYTEG
TYDYSAYDYANCNNLLIFGAGFLEAYRPYNYNMQVWGHMRTKAAKTKVTVVDVHMSTTGAAADRLIMIKP
GTDGAMALAMAHVILTEGLWDRKFVGDFKPVVQPKDPDAPRIPLHRFEAGKELDPAVFEAKWTHGLIEWW
NAELKDRTPEWAEKITTVSAKEIAAVARELATVKPSIALFERGPTAHTNGVYNGMAIHSLNALVGSLWAE
GGIFHQTAKTPWGKLDIKSDDFMDDYAKSDDRKKPKIDGVGKTYKMASAQIQRIGEYHMKGDPYKLDTIM
FYLTAPIFSSPECNKWEQALQDLYVIETSPYPGENAMFADLILPDHTYLERLQVADTYSFQGWPMSMIRT
PAVKPVYDTKVIGDVVIEIGKRIKGPMGDYYKQVGNTENIIRAMAAGFAEKPGDNGVNDFESFKAKGVWY
KKPVAYRQVRGEFLEWDKETKSHSLPMDAAKVKEKILKTPTGKFEFKSGYMEQEKYAHYIHEKHGIAEDR
VGFPQWIEPKYSGSGDLHFITAKLPMAAEGRSSNLAHAIATAQPTQGGKRDVFMEINPETAAKLGIKSGD
KVRVKSKTGSVIVPARVFAGVRPDTVFLPFYAGHWAQGRWAKADERIQRNSVNELIENVSDPISGLACYY
SGKVSVEKL",MBI4988598.1,NA,NA,Aquatic,NA,Freshwater,NA,NA
53,tip53,Herbaspirillum_sp_ST_5-3-WP_136416020_1,Herbaspirillum (China),isolate,Betaproteobacteria,0,NA,NA,soil,https://www.ncbi.nlm.nih.gov/protein/WP_136416020.1,">WP_136416020.1 molybdopterin-dependent oxidoreductase [Herbaspirillum sp. ST 5-3]
MSDSILNPKLSRRRFLQATGAAGAVGAVGLGISQGGLTTIAKAQAQPVAEKSAETAITKSFCGQCPARCG
IDVYTTNGRVHAIFGTLDNPLSNGKLCPKGHFGQYLLYDPDRFKGPMKRTNPKKGRNEDPGWVPISWDEA
LNIVAGRLNALRDKGESHRYATMTGRGWGYTDVGLLQEFGKLYGTPNGDLGHSSICSDASETVKHFMDGH
HSYSAYDYANTNYLLVFGAGFLESFRPFNANMQNWGKMRTKPAKTKVTVVDVHVGTTAAAADRMLLTKPG
TDGALALAIAHVIMTEGLWDRDFVGDFLPVTQPADPAAPRLPDPKFETGKVVDINSFKEKWTVGVAEWWN
LVLKDCTPEWAEKITTIPAKDIRAVALEFGSTKPAVALFERGASAHTNGVYNGMAIHALNALTGNMFAKG
GIRGYQMKTAWAKLPINVDDYMDDYAKSPDRKKPRQDGAKSAKWPLVKNMRQESAINQLNGDPYKLDTVI
FYMTGPVFSGPDCTKWEEAMRQMYVIDTSPYPGETAIFADLILPDNTYLERLQIADTYPYEGYPISMIRT
PAIKPLYDTKSFGDVIIEVGKRIKGPTSEYYKKIGNTENIIKWMCEGFKDKPGDNGVNDFESFKAKGVWY
RKPYVYLQKNGVFYEWDGKGYNKVLTQEEVKEKLLPTPTGKFEIKVSELEHHADYVNKHFGLSAELAPFP
QWIEPKHPGGGDLHLISPKLAAQAEGRGANLPHVSAMIQPTQGGNRNVYLEIHPETAKKRGIADGDRVRI
KNEVGQIEALVRVYNGIRPDTVALPMIHGHWAQGRWAKAPRMPSGSPNELVANVSEPLSGLACFHTGKVF
VEKI",WP_136416020.1,NA,NA,Terrestrial,Soil,NA,NA,NA
54,tip54,Rhodocyclales_bacterium_CG_4_9_14_3_um_filter_68_10-PJA58270_1,Rhodocyclales bacterium (USA),metagenome,Betaproteobacteria,2,freshwater,NA,aquatic,https://www.ncbi.nlm.nih.gov/protein/PJA58270.1,"MTDLSIHTGLTRRRFLQATGAAGALGAAGLSFDAANGLTLQKVHAQPAAG
PAGQTVITKSFCAQCPARCGIDVYTTNGRVHAIYGTLDNPLAGGKLCPKG
HYGVYLLYDADRIKGPMKRTNPKKGRDEDPKFVPISWDEALQTVADRLNA
LREKGESHRYATITGRGWGYTDVGLLKQFGQLYGTPNFNLGHSSICSDAS
ETVKHIMDGHHAYSAYDYSNCNYLLVFGAGFLESFRPFTGNMRNWGIMRS
KAPKTKVTVVDVHLNTTGSAADRLLLTKPGTDGALALAMAHVILSEGLWD
RQFVGDFVPVEQPKDADAPRLPEHKFEPGKEVDPATFKEIWTVGVAEWWN
VELKDRTPEWAEKITTVPARDIAAVAREFALTKPAVALFERGASAHTNGV
YNGMAIHALNALTGNMFAKGGLRGYQMKTAWAKLPIKAEDFMDDYAKAPE
RKKPRVDGAKSKRYPLAKNMIQEIAINSLKGEPYKLDTVMFYMTGPIFSA
PDCSKWEEALRQIFVIDTSPYPGETNRFADLILPDNTYLERLQIADTYPY
EGYPISMIRTPAVKPIFDTKTFGDAVIEIGKRIKGPTSEYYKKIGNTENI
VKWMCEGFKDKPGDNGVTDFETFAQKGVWYRKPYAYLQERGVFYEWDGKG
YNKVMTPEEVKAKVMPTPTGKFEIKVTELEHHAEFVHERLGIAPERAPFP
QWVAPRHGGDGDLHFISPKLAGQAEGRSANLPHVAAMIQPTQGGKRNVFL
EMHPEAAGKRGIKDGDRVRIKNKVGKIEAVVRVTHTTRPDTVALPMIHGH
WAQGRWAQGAGRLPTGSTNEVTENLSEPLSGLACFHSGLVSVEKV",PJA58270.1,NA,NA,Aquatic,NA,Freshwater,NA,NA
55,tip55,Betaproteobacteria_Groundwater_Crystal_Geyser_Utah-USA-T-Ga0100380_100011409,"Groundwater Crystal Geyser (UT, USA)",metagenome,Betaproteobacteria,0,freshwater,NA,aquatic,Ga0100380_100011409,">Ga0100380_100011409
MTDLSIHTGLTRRRFLQATGAAGALGAAGLSFDAANGLTLQKVHAQPAAG
PAGQTVITKSFCAQCPARCGIDVYTTNGRVHAIYGTLDNPLAGGKLCPKG
HYGVYLLYDADRIKGPMKRTNPKKGRDEDPKFVPISWDEALQTVADRLNA
LREKGESHRYATITGRGWGYTDVGLLKQFGQLYGTPNFNLGHSSICSDAS
ETVKHIMDGHHAYSAYDYSNCNYLLVFGAGFLESFRPFTGNMRNWGIMRS
KAPKTKVTVVDVHLNTTGSAADRLLLTKPGTDGALALAMAHVILSEGLWD
RQFVGDFVPVEQPKDADAPRLPEHKFEPGKEVDPATFKEIWTVGVAEWWN
VELKDRTPEWAEKITTVPARDIAAVAREFALTKPAVALFERGASAHTNGV
YNGMAIHALNALTGNMFAKGGLRGYQMKTAWAKLPIKAEDFMDDYAKAPE
RKKPRVDGAKSKRYPLAKNMIQEIAINSLKGEPYKLDTVMFYMTGPIFSA
PDCSKWEEALRQIFVIDTSPYPGETNRFADLILPDNTYLERLQIADTYPY
EGYPISMIRTPAVKPIFDTKTFGDAVIEIGKRIKGPTSEYYKKIGNTENI
VKWMCEGFKDKPGDNGVTDFETFAQKGVWYRKPYAYLQERGVFYEWDGKG
YNKVMTPEEVKAKVMPTPTGKFEIKVTELEHHAEFVHERLGIAPERAPFP
QWVAPRHGGDGDLHFISPKLAGQAEGRSANLPHVAAMIQPTQGGKRNVFL
EMHPEAAGKRGIKDGDRVRIKNKVGKIEAIVRVTHTTRPDTVALPMIHGH
WAQGRWAQGAGRLPTGSTNEVTENLSEPLSGLACFHSGLVSVEKV*",3300007986 assembled Ga0100380_100011409,3300007986,Environmental,Aquatic,Groundwater,Deep subsurface,Unclassified,USA
56,tip56,Wastewater_Activated_Sludge_USA-F-Ga0116175_100006635,Wastewater Activated Sludge (USA),metagenome,Unknown,0,wastewater,anaerobic,wastewater,Ga0116175_100006635,">Ga0116175_100006635
MKTNFDEEVITMNDSVLNPKITRRRFLQATSAASAAGAVGVGTGVIPGFS
TIGKVHAAPAAEATSETVITKSFCHQCPARCGIDVYTTGGRVHAIYGTLD
NPLANGKLCPKGHYGQYLLYDPDRFKSPMKRTNPKKGRDEDPRFVPISWD
EALGIVAERLNTLRDKGESHKFGLIFGRGWGATDAGLFDNFAKLYGSPNV
GINHSSMCSDASKKSKLCADGNYSYNSYDYANTNYLLIFGASFLESFRPL
NYNMQVWGQMRSKAPRTKVTVVDVHTSTTGAAADRLLLTKSGTDGALALA
MAHVMLTEGLWDKKFVGDFIDGINRFKPGATIDMAYSKEDLEKRQQAKAE
AAAKKADSDKKALSEKAKLHADMDSLRVKIDESDDEKVIAELKKKLADLE
KKEKDADTLTATIKTQRAELEKDVKPAHEPAVGETIFQEKWTAGLLEWWN
AVLKDCTPEWAEKITTIPAKDIKTVAKEFGSTRPAIALFERGATAHTNGI
YNGMAIHALNALTGSFFAKGGLGYQSSIPWGKVSLKPDDFMDAYAKSGDR
KKTRIDRVKTEAWPMASNMLQEVAKNHLKGDPYKMDTLMFYLTGPIFSGP
ECKDWEKALLDVFVIDTSPFPGETAIFSDLILPDHTYLERLQIADTYPFQ
GYPMAMIRTPAVKPLYDTKVFGDIVIDIGKRIKGPMGEYYKQLGNTENII
KQMAKGFEEKPGSNGVNSYESFVEKGVWFKKPYSYRQSGGEFFMWNGDTK
SYSTQMVPAEVKDKLFKTPSGKYEFKSGYLTDEHHAHYVHEKLGIELELV
GFPQYIPAKHPGGGDLHFVSPKLAGQAEGRSSNLPHVSAIIQPVVGGKRN
VFLEINPETAKKRGIADGDTVRIKNEIGSIEAIAHYFEGIRPDTVALPMI
HGHWAQGRWAKGRSPSGSTNEITANVSEPISGLACYHTGTVFVEKA*",3300009648 assembled Ga0116175_100006635,3300009648,Engineered,Bioreactor,Digestate,Anaerobic,Unclassified,USA
57,tip57,Sulfuricella_denitrificans_skB26-AP013067_1,Sulfuricella denitrificans (Japan),isolate,Betaproteobacteria,1,freshwater,NA,aquatic,https://www.ncbi.nlm.nih.gov/protein/WP_009207744.1,">WP_009207744.1 molybdopterin-dependent oxidoreductase [Sulfuricella denitrificans]
MKENIFNPTISRRRFLQAAGVAGAVGAVGIGQLPGFSTIAKAQAKTDAGKPSETVITKSFCHQCPARCGI
DVYTTDGRVHAVYGTLDNPLSMGKLCPKGHYGQYLLYNADRFKGPMKRTNPKKGRSEDPKFVPISWDEAL
DTVAKRMNGLREKNESHRFGLIYGRGWGATDVGVLQTLSSLYGSPNIGLGHSSMCSDGSEETKKILDGNH
GYNAYDYANTNYMLVFGAGFLESFRPFNGNMQAWGVMRTKPAKTKVTFVDVHLNTGAAASDRALLIKPGT
DGAMALAIAHVLLTEGLWDKPFVGNFVDGVNHFKTGEPVAAVFTDEDIKNRAAAKEKAAVEKAAEAEKNA
AKAAAEKVKTQEALAKLLKVQILAKGNPAAEKAAAEKIAKFEKEQAKKALSEETDRKQREALDKEKKPES
EIKAGQALFEEKWVLGLPEWWNAVLKDCTPEWAAKITTIPATTIHAVAREFGTTHPAIAIFERGAHAHTN
GTYSGMAIHSLNALVGSMFAEGGLAYQMKSPAGKWPVNLDDFMDDYAKAPERKKPRIDMKGTDKWPMVSN
MLQEVARNHNEAKPYKLDTCMFYMTGPIFSGPDCTAWEKMLNEVFVINTSPFPDETSVYSDLILPDHTYL
ERLQVADTYPFQGYPISMIRTPAVKPLYDTRVFGDMLIDLGKRIKGSTGEYYKKLGNTENIIKAIATVFV
EKPGDNGVNSYETWKEKGVWFQKPYLWRQIRGEFYEWDKATKSYSKRMTQEAVKVNLLKTPSGKFEFKSG
YLEEEHHVHYLMEKFGLPAEMIAFPQYLPANHAGGGDLHFVSPKLAMQAEGRQGNLPHATASMQPTQGGK
KTVYLEIHPETAAKRGIKDGDRVRVKSSVGAIEVYARLYNGIRPDTVALPMIHGHWGMGRWTKNSGVSGS
TNEVTPNVSDAISGQCCYHSAKVFVEKV",WP_009207744.1,NA,NA,Aquatic,NA,Freshwater,NA,NA
58,tip58,MAG-Desulfatitalea_tepidiphila_ArrA,"MAG2: Desulfatitalea (CA, USA)",metagenome,Deltaproteobacteria,3,freshwater,anaerobic,sediment,THIS STUDY,"MGQWIASTCQGCTSWCSKEVYVVNGRAIKVHGNKRSKVNGAASCPRAHLALQQVYDPDRIK
TPMKRTNPKKGRNEDPKFVPISWDEALNTIADKIMELRKNNETHKYLLMRGRYTYMRDIIY
DAMTKIIGSPNNISHSAICAEAEKFGPYYTEGYWDYRQYDVLNTKYMLIWGADPLSANRQV
SYYSSVWGDIVGKATIAVVEPRLSATAAKADEWLPIKPGQDGALAAAIAHVLLTKGLWSRE
FVGDFKDGKNLFVAGQEVDPETFEEKHTYGIVKFWNLELKDKTPEWAAKVTGLPLEQIVRV
ATDYGKAGSQSISWVGGGPVMQVRGAYASMICHCLNGITGACDNVGGTLVSNKEYTADFPE
SDEFLDEVANKGKKYAKIDHRGRKDFPCITAGKPGSVGRDQPCGRRHPECRPLRHQSGHRL
HEQLQLLLHPARALEPGPGQDPLPGAHHHQRLGVFLVFRHPAAGHPPPLREMGLGEVHRQR
LPPRHPACSRSSPCGSPRSTRPKSPGSPRSWRSGASTTCCATSRRSRTRKPARSRPTKRSS
RSTANPPPRTSGTRPSTRAGTSSTAGRSSARPASGTRLPIPIRKRWSDMKTKTKKFEFYSE
TLKAALEEHAKKHNTTVDDILEVSGYQARGEQAFVPHYEEPSTAGDEKAIPLPVRGPQVAP
QPRAVGQLHLVPGVQGRGPRRCGLGRCRQDQPVGCQRSSGSRTATRSASPPPPASSSARPS
CGKGCGPARSPSATARATGSMAGWRPRSSARSPGAATTTRSCPQSMTGSAAPPSAMPPPAS
KSRKFR",NA,NA,NA,Aquatic,Sediment,NA,NA,NA
59,tip59,Shewanella_ANA-3_ArrA-WP_011717272_1,"Shewanella sp. ANA-3 (MA, USA)",isolate,Gammaproteobacteria,3,NA,anaerobic,aquatic,https://www.ncbi.nlm.nih.gov/protein/WP_011717272.1,">WP_011717272.1 MULTISPECIES: molybdopterin-dependent oxidoreductase [Shewanella]
MKKENQVNLGRRQLLKSTAAGTVLTGIGGTLSFTPIVEGIAAELPAPLRRTGVGEWLATTCQGCTSWCAK
QIYVMDGRALKVRGNPNSGVHGMSSCPRQHLSLQQVYDPDRLRTPMMRTNPKKGRDQDPKFVPISWDKAL
DMLADKIIALRVANEPHKYALLRGRYSHINDLLYKKMTNLIGSPNNISHSSVCAEAHKMGPYYLDGNWGY
NQYDVKNAKFILSFGADPIASNRQVSFYSQTWGDSLDHAKVVVVDPRLSASAAKAHKWIPIEPGQDSVLA
LAIAHVALVEGVWHKPFVGDFIEGKNLFKAGKTVSVESFKETHTYGLVEWWNQALKDYTPEWASKITGID
PKTIIAIAKDMGAAAPAVQVWTSRGAVMQARGTYTSISCHALNGLFGGIDSKGGLFPGNKTPLLKEYPEA
KAYMDEIAAKGVKKEKIDQRGRLEFPALAKGKSGGGVITANAANGIRNQDPYEIKVMLAYFNNFNFSNPE
GQRWDEALSKVDFMAHITTNVSEFSWFADVLLPSSHHMFEKWGVLDSIGNGVAQISIQQPSIKRLWDTRI
DESEIPYMLAKKLADKGFDAPWRYINEQIVDPETGKPAADEAEFAKLMVRYLTAPLWKEDASKYGDKLSS
WDEFVQKGVWNSSPYKLEARWGKFKTETTKFEFYSKTLEKALQSHADKHKVSIDEVMKACDYQARGHLAF
IPHYEEPYRFGDESEFPLLLVDQKSRLNKEGRTANSPWYYEFKDVDPGDVANEDVAKFNPIDGKKFGLKD
GDEIRITSPVGMLTCKAKLWEGVRPGTVAKCFGQGHWAYGRYASAKFGVTPRGGSNNDLIADRYDRLSGA
SAFYGHIRVRVEKV",WP_011717272.1,NA,NA,Aquatic,NA,NA,NA,NA
60,tip60,Halomonas_sp_ANAO-440-WP_223137562_1,Halomonas sp. ANAO-440 (Mongolia),isolate,Gammaproteobacteria,1,saline,anaerobic,aquatic,https://www.ncbi.nlm.nih.gov/protein/WP_223137562.1,">WP_223137562.1 molybdopterin-dependent oxidoreductase [Halomonas sp. ANAO-440]
MKLFQTLLDRRRFLQSSAVVGATASAVGVTGLTGLAQAPQARAQTPRGETVVTKSICAQCPARCGIDVYT
TDGRVHAIYGDTGNPIANGKLCPKGHLGSYFLYDPDRFKGPMKRTNPEKGRDEDPGFVPISWDEALDMVA
ERLNGLRERGESHRFAHFYGRGWGASDAGLYGDFGKLYGTPNSAIGHASMCAEGSKRAKRATDGNDSYNS
YDYRNTNYLLIMGASFLEAFRPYNNVMQMWGHMRSKSPKTRVTCVDVRMNPTMAAADRALYIKPGTDGAF
ALAVAHVILTEALWDKEFVGDFYQASRRFVSGESIPEDSFEENWVHGLTEWWNQELKDRTPEWAEAITSI
PARHIRQTAIEFGSTRPAVALFERGPTGHTNGTYNGMAIHALNALVGSLFAKGGLGYQMGVPYGDLPVSA
DDYLDDYARDGAWKDQPRIDMAGTERWPMTSHMMQETGPNHLAGDPYKLDTAMFFYTNPIWTAPDPKVWE
EAFKDVFIIDTSPFPGETAMYADLILPDSTYLERLQDSPTYPFEGWPMTALRVPAVEPIYDTRHFGDILI
GIGKRLNGPAGEYYRALDSVENVLHHRAAGFADNPGDDGVNDFESWKEKGVWYKKPYHWRLDRGRFYEWG
GLDYDLQMSPEEVKAKLFKTPSGKCEFKSGFLEEHAAYIETEMGIPRERVGLIQWVEPQHSGGDGDLYFV
TPKTPLHAEGRGANVPHNIAIHQPIVGGRDTVYLEVHPRTAQERGIRNGDRVRITSDLGSIEAECRFVAG
HRPDTLVLPFEFGHWAQGRWAKGRGPGHSGEITANVSDPISGLASYYTGKVRLERA",WP_223137562.1,NA,NA,Aquatic,NA,NA,NA,NA